平台名称,成交额,综合利率,投资人,借款周期,借款人,满标速度,累计贷款,资金净流入
陆金服 ,1150121.42万 ,8.44%,170927人 ,32.70月 ,378524人 ,-- ,15855843.42万 ,21101.63万 
微贷网 ,477420.16万 ,6.79%,176976人 ,4.06月 ,55818人 ,8.48分钟 ,1855379.94万 ,-33408.21万 
PPmoney网贷 ,312384.84万 ,8.84%,160733人 ,17.07月 ,1389804人 ,9.89分钟 ,1325160.88万 ,179281.7万 
轻易贷 ,223743.03万 ,8.69%,29154人 ,5.58月 ,15279人 ,4.08分钟 ,874488.71万 ,-9729.03万 
小赢网金 ,164240.96万 ,7.84%,101927人 ,12.16月 ,346878人 ,23.80分钟 ,1656877.75万 ,-131090.08万 
宜贷网 ,129269.01万 ,14.93%,28186人 ,17.91月 ,35719人 ,676.19分钟 ,-- ,-18001.96万 
翼龙贷 ,121569.44万 ,8.89%,54990人 ,10.86月 ,31344人 ,214.22分钟 ,1567011.24万 ,-56578.14万 
点融网 ,120612.29万 ,11.32%,137375人 ,28.18月 ,53091人 ,1.91分钟 ,1171402.12万 ,-82567.91万 
团贷网 ,115222.71万 ,10.67%,181891人 ,21.25月 ,22979人 ,447.76分钟 ,1891624.47万 ,-74227.14万 
银谷在线 ,107368.92万 ,12.68%,55786人 ,26.89月 ,55882人 ,253.97分钟 ,1084658.05万 ,-65282.77万 
凤凰金融 ,106557.72万 ,8.51%,53504人 ,21.57月 ,72836人 ,38.84分钟 ,983734.63万 ,3506.65万 
小牛在线 ,89581.25万 ,9.87%,93981人 ,11.10月 ,65991人 ,286.41分钟 ,1116956.88万 ,-15649.27万 
玛瑙湾 ,85880.89万 ,6.60%,24561人 ,3.41月 ,165272人 ,1.86分钟 ,305028.9万 ,-18204.55万 
信和大金融 ,62304.99万 ,8.40%,5800人 ,8.84月 ,3665人 ,170.76分钟 ,548106.29万 ,-58044.07万 
和信贷 ,58539万 ,7.32%,12095人 ,1.20月 ,307人 ,397.43分钟 ,87123.79万 ,-33795.62万 
91旺财 ,55892万 ,7.16%,8767人 ,2.47月 ,888人 ,390.19分钟 ,176780万 ,-23394万 
有利网 ,45393.78万 ,9.57%,76489人 ,14.35月 ,104659人 ,0.08分钟 ,2029720.93万 ,-103218.3万 
拓道金服 ,40319.59万 ,7.02%,6230人 ,3.27月 ,3710人 ,169.33分钟 ,123199.38万 ,-15201.42万 
招商贷 ,40130.7万 ,10.16%,6509人 ,5.26月 ,547人 ,445.20分钟 ,187414.15万 ,3546.49万 
民贷天下 ,37070.95万 ,10.40%,20346人 ,22.29月 ,335590人 ,3.73分钟 ,240111.48万 ,-26254.1万 
金投行 ,34796.57万 ,7.32%,4117人 ,6.60月 ,2691人 ,5.95分钟 ,148867.69万 ,6564.54万 
汇中网 ,32464.18万 ,6.55%,3368人 ,29.93月 ,4897人 ,3.88分钟 ,739455.81万 ,-5963.04万 
中业兴融 ,31510.78万 ,13.66%,20132人 ,29.88月 ,105349人 ,0.89分钟 ,355850.02万 ,7448.93万 
新升贷 ,30793万 ,11.99%,398人 ,1.22月 ,5086人 ,27.33分钟 ,57807.78万 ,3439.45万 
投哪网 ,29527.47万 ,8.75%,-- ,14.08月 ,7554人 ,-- ,646119.48万 ,-16902.61万 
花虾金融 ,28733.38万 ,10.20%,24044人 ,24.59月 ,308129人 ,-- ,99961.62万 ,10938.7万 
博金贷 ,28582.5万 ,8.38%,4578人 ,3.58月 ,3334人 ,332.01分钟 ,146083.13万 ,-11018.22万 
城铁在融 ,28535.96万 ,14.52%,2353人 ,3.85月 ,84人 ,90.59分钟 ,43156.42万 ,3814.84万 
合众e贷 ,27766.39万 ,10.10%,14323人 ,11.79月 ,124453人 ,0.32分钟 ,119218.25万 ,2879.03万 
道口贷 ,27177.67万 ,9.49%,7125人 ,4.66月 ,828人 ,265.99分钟 ,126711.59万 ,-11385.93万 
米庄理财 ,27059.65万 ,9.30%,6938人 ,3.78月 ,108261人 ,737.30分钟 ,205933.22万 ,-29303.64万 
首E家 ,26991.56万 ,7.04%,3271人 ,4.50月 ,50792人 ,40.79分钟 ,142916.34万 ,16392.64万 
搜易贷 ,25670.49万 ,8.29%,10171人 ,10.50月 ,3709人 ,9.86分钟 ,267726.44万 ,7823.09万 
连资贷 ,25000.21万 ,8.14%,1759人 ,1.81月 ,3014人 ,730.69分钟 ,44841.79万 ,-4796.93万 
厚本金融 ,24292.55万 ,10.48%,502人 ,24.10月 ,10595人 ,1027.51分钟 ,56470.67万 ,-1228.91万 
普惠家 ,23964.94万 ,10.13%,5199人 ,16.84月 ,1525人 ,396.24分钟 ,470806.51万 ,-103.94万 
地标金融 ,23793万 ,10.77%,2544人 ,2.50月 ,23人 ,540.87分钟 ,36498万 ,-10993万 
钱盆网 ,23538.13万 ,13.50%,26649人 ,9.38月 ,32031人 ,59.59分钟 ,308951.15万 ,-28056.45万 
泰然金融 ,21686.46万 ,8.08%,5598人 ,5.25月 ,8198人 ,-- ,520006.56万 ,-58322.83万 
富勤金融 ,21532.97万 ,11.05%,10250人 ,17.64月 ,2707人 ,9.56分钟 ,156104.63万 ,11174.15万 
人众金服 ,20692.43万 ,9.72%,6540人 ,3.74月 ,567人 ,407.82分钟 ,135665.81万 ,-17223.07万 
首金网 ,20099.98万 ,8.80%,5646人 ,7.89月 ,36035人 ,5.64分钟 ,98897.19万 ,-13017.24万 
广信贷 ,19739.63万 ,12.03%,12192人 ,11.89月 ,729人 ,441.89分钟 ,333181.21万 ,-9842.45万 
信融财富 ,18796.23万 ,11.16%,4674人 ,5.45月 ,1171人 ,114.95分钟 ,136561.77万 ,6619.26万 
小诺理财 ,18288.81万 ,7.97%,546人 ,7.03月 ,686人 ,-- ,488214.59万 ,-43083.9万 
短融网 ,17952万 ,9.33%,40025人 ,7.52月 ,1201人 ,1244.63分钟 ,98506.26万 ,-5954.07万 
有融网 ,17368.8万 ,10.48%,5741人 ,2.48月 ,180人 ,1638.25分钟 ,132728.8万 ,-26387.19万 
冠e通 ,17132万 ,8.87%,8002人 ,6.43月 ,98人 ,767.68分钟 ,610931.64万 ,-60586.5万 
工场微金 ,16101.04万 ,8.98%,2646人 ,6.51月 ,1117人 ,787.57分钟 ,59212.1万 ,14300.91万 
爱投金融 ,15328.41万 ,8.52%,1833人 ,4.05月 ,2122人 ,22.96分钟 ,49918.14万 ,1162.39万 
聚车金融 ,15308.46万 ,10.91%,227人 ,0.98月 ,221人 ,180.34分钟 ,15298.41万 ,-8865.16万 
钱多多 ,14778.97万 ,9.58%,3362人 ,7.12月 ,1002人 ,392.67分钟 ,199296.24万 ,-13675.12万 
麦麦提 ,13343.9万 ,11.99%,1316人 ,4.08月 ,15594人 ,8.04分钟 ,48984.5万 ,1890.18万 
聚优财 ,13295.37万 ,7.70%,1189人 ,3.37月 ,572人 ,351.71分钟 ,123780.67万 ,-9193.31万 
红小宝 ,13064.4万 ,12%,10007人 ,35.99月 ,2170人 ,5.85分钟 ,149366.1万 ,8953.31万 
安心贷 ,12678.48万 ,10.03%,-- ,10.43月 ,10373人 ,-- ,116196.18万 ,-5128.76万 
理财范 ,11835.58万 ,10.33%,3577人 ,7.47月 ,1183人 ,632.52分钟 ,522000.52万 ,-26557.24万 
黄河金融 ,11544.55万 ,8.51%,2191人 ,3.29月 ,750人 ,631.21分钟 ,53026.48万 ,-9639.09万 
宝象金融 ,11361.73万 ,9.84%,3182人 ,6.06月 ,978人 ,469.80分钟 ,108890.05万 ,4702.81万 
融贝网 ,11355.1万 ,9.69%,8464人 ,20.50月 ,862人 ,215.96分钟 ,175526.68万 ,6802.28万 
汇理财 ,11323.16万 ,10.16%,-- ,7.12月 ,3人 ,-- ,103505.07万 ,-3478.09万 
知商金融 ,11288.64万 ,9.86%,2004人 ,4.35月 ,1182人 ,226.45分钟 ,51162.16万 ,4974.52万 
互融宝 ,11210万 ,8.46%,3221人 ,5.04月 ,123人 ,1637.53分钟 ,84099.31万 ,-24444.74万 
互惠理财 ,10979.16万 ,11.62%,1482人 ,1.07月 ,1639人 ,14.09分钟 ,33088.19万 ,-5447.76万 
恒信易贷 ,10867.74万 ,11.29%,2103人 ,3.96月 ,1357人 ,577.79分钟 ,59196.31万 ,-4206.27万 
理想宝 ,10645万 ,9.13%,6485人 ,3.80月 ,108人 ,1126.17分钟 ,123912.02万 ,-31496.06万 
钱香 ,10620万 ,9.41%,1873人 ,5.30月 ,110人 ,1128.71分钟 ,78680万 ,-3540万 
万盈金融 ,10485.43万 ,14.08%,2981人 ,5.85月 ,1288人 ,4114.70分钟 ,133760.39万 ,-9293.56万 
宜聚网 ,10231.65万 ,11.59%,3475人 ,6.13月 ,895人 ,1691.96分钟 ,157688.25万 ,-7368.91万 
小猪理财 ,9999万 ,13.02%,3410人 ,3.03月 ,421人 ,164.12分钟 ,75153万 ,-14158万 
网利宝 ,9833.52万 ,10.03%,20551人 ,5.08月 ,113人 ,642.31分钟 ,284961.67万 ,-8876.26万 
融租E投 ,9543.28万 ,7.02%,566人 ,3.65月 ,495人 ,106.07分钟 ,32110.22万 ,-967.92万 
人人聚财 ,9445.41万 ,8.68%,123042人 ,5.86月 ,2252人 ,203.04分钟 ,484198.47万 ,-31977.59万 
民投金服 ,9439.6万 ,9.36%,1671人 ,9.16月 ,926人 ,220.13分钟 ,21775.86万 ,6788.34万 
金筑财富 ,9360.38万 ,7.71%,1071人 ,1.69月 ,106人 ,761.35分钟 ,22983.63万 ,-1968.58万 
乾贷网 ,9283.15万 ,10.05%,1994人 ,14.30月 ,123人 ,52.51分钟 ,115717.89万 ,2256.35万 
联金所 ,8948.57万 ,12.03%,2317人 ,14.08月 ,2442人 ,135.90分钟 ,65662.46万 ,-4555.45万 
雪山贷 ,8887万 ,10.83%,5833人 ,6.97月 ,92人 ,1219.29分钟 ,59757万 ,-763万 
达人贷 ,8690.43万 ,13.24%,5304人 ,13.65月 ,4782人 ,239.11分钟 ,43671.44万 ,-305.62万 
鹏金所 ,8674.54万 ,6.93%,1287人 ,6.36月 ,791人 ,3.63分钟 ,146632.06万 ,-36171.6万 
365易贷 ,8120.54万 ,12.42%,3932人 ,4.17月 ,745人 ,339.93分钟 ,109823.73万 ,-18526.31万 
融金宝 ,7340.87万 ,12.31%,2049人 ,3.34月 ,1685人 ,3125.65分钟 ,15974.22万 ,-2016.97万 
口贷网 ,7200万 ,16.54%,1190人 ,5.35月 ,16人 ,1247.08分钟 ,49987.96万 ,-11299.58万 
奇乐融 ,7153.54万 ,6.74%,777人 ,4.52月 ,230人 ,690.21分钟 ,37121.32万 ,1098.94万 
米族金融 ,6977.79万 ,14.06%,6512人 ,9.86月 ,3524人 ,59.10分钟 ,70322.72万 ,-1273.45万 
恩科e贷 ,6600万 ,8.41%,1026人 ,6.09月 ,330人 ,724.17分钟 ,43326.5万 ,888.67万 
智富贷 ,6526.66万 ,8.99%,1686人 ,8.10月 ,733人 ,280.03分钟 ,35609.93万 ,-1471.69万 
嘉石榴 ,6469.53万 ,9.04%,1143人 ,6.29月 ,705人 ,90.12分钟 ,72490.66万 ,-6439.61万 
诚汇通 ,6413.5万 ,12.90%,2242人 ,10.55月 ,158人 ,1777.09分钟 ,120906.81万 ,-6122.92万 
果儿金融 ,6409.8万 ,9.06%,762人 ,3.78月 ,470人 ,14.12分钟 ,17022.13万 ,-3335.9万 
银多网 ,6408.9万 ,10.86%,4717人 ,6.16月 ,14950人 ,0.85分钟 ,104307.32万 ,-11990.48万 
摇财树 ,6265万 ,10.03%,1358人 ,6.29月 ,192人 ,889.99分钟 ,35680.88万 ,-3427.36万 
钱吧 ,6261.86万 ,7.78%,2438人 ,3.96月 ,1088人 ,294.33分钟 ,61225.67万 ,-224.92万 
付融宝 ,5933.5万 ,10.80%,3757人 ,5.21月 ,1288人 ,101.09分钟 ,313893.56万 ,-29746.33万 
京圆柚理财 ,5879.02万 ,8.68%,1447人 ,7.16月 ,160人 ,1007.44分钟 ,67797.48万 ,-990.99万 
多赢普惠 ,5852.81万 ,9.17%,2588人 ,4.81月 ,471人 ,413.84分钟 ,21191.52万 ,5012.27万 
一起好 ,5801.94万 ,12.41%,5239人 ,12.76月 ,8237人 ,54.15分钟 ,75230.93万 ,-2678.48万 
恒易融 ,5724.44万 ,12.37%,1710人 ,27.26月 ,757人 ,5.53分钟 ,1445895.3万 ,-75609.03万 
车易贷 ,5702.33万 ,6.42%,1218人 ,11.50月 ,321人 ,318.16分钟 ,28200.64万 ,-711.86万 
迷你贷 ,5456.7万 ,10.46%,1300人 ,1.52月 ,307人 ,81.25分钟 ,38164.82万 ,-9226.88万 
网汇贷 ,5421万 ,10.23%,694人 ,5.37月 ,603人 ,97.17分钟 ,28063.99万 ,638.7万 
众房宝 ,5372.1万 ,10.67%,761人 ,2.75月 ,121人 ,815.33分钟 ,15571.03万 ,1172.26万 
合拍在线 ,5356.71万 ,11%,1436人 ,6.71月 ,56人 ,2646.95分钟 ,91281.86万 ,-8052.09万 
福银票号 ,5279.32万 ,6.85%,652人 ,3.78月 ,217人 ,741.16分钟 ,29563.42万 ,-5677.16万 
金元宝理财 ,5089.48万 ,11.68%,2711人 ,8.37月 ,562人 ,600.18分钟 ,55404.6万 ,1171.69万 
壹心贷 ,5002.29万 ,9.14%,517人 ,1.69月 ,78人 ,-- ,14088.84万 ,-3434.6万 
私房钱 ,4970万 ,10.78%,1140人 ,4.39月 ,56人 ,-- ,-- ,-- 
峰向标 ,4898.82万 ,9.64%,997人 ,12.84月 ,111人 ,829.44分钟 ,53559.92万 ,864.36万 
融资易 ,4782万 ,11%,613人 ,3.23月 ,65人 ,1139.34分钟 ,15671万 ,1457万 
壹宝贷 ,4571.43万 ,10.95%,2509人 ,5.45月 ,337人 ,761.93分钟 ,19995.39万 ,1246.42万 
纵横理财 ,4525.86万 ,7.37%,666人 ,1.27月 ,28130人 ,-- ,8106.38万 ,-5572.33万 
掌中财富 ,4328.82万 ,10.50%,648人 ,6.69月 ,794人 ,132.63分钟 ,30713.47万 ,-498.88万 
小鸡理财 ,4316.73万 ,10.72%,1704人 ,6.29月 ,180人 ,-- ,28401.06万 ,-1580.63万 
鲁金所 ,4274.71万 ,8.86%,499人 ,4.85月 ,1459人 ,152.02分钟 ,27528.67万 ,3031.22万 
普惠理财 ,4208万 ,8.11%,689人 ,3.17月 ,6人 ,1860.57分钟 ,30606.2万 ,-4310.91万 
广州e贷 ,4203.34万 ,10.39%,-- ,14.42月 ,471人 ,-- ,32218.98万 ,1448.94万 
杉易贷 ,4042.96万 ,10.10%,981人 ,6.08月 ,517人 ,1691.10分钟 ,36229.4万 ,-1731.12万 
农泰金融 ,3775.86万 ,8.58%,1058人 ,8.75月 ,102人 ,923.04分钟 ,35471.38万 ,-2402.56万 
投复利 ,3755.08万 ,13.85%,1766人 ,14.94月 ,6845人 ,126.18分钟 ,42897.8万 ,-101.77万 
绿化贷 ,3644.02万 ,10.56%,2093人 ,8.32月 ,80人 ,1412.45分钟 ,58373.32万 ,-3519.09万 
链链金融 ,3624.72万 ,7.19%,597人 ,38.74月 ,1126人 ,3.36分钟 ,62005.78万 ,-4690.64万 
闲钱宝 ,3581万 ,9.41%,-- ,1.79月 ,11人 ,-- ,9024.84万 ,-384.94万 
智融会 ,3571.68万 ,12.50%,541人 ,2.50月 ,73人 ,2500.06分钟 ,14487.68万 ,-4843.72万 
天玑汇富 ,3526.75万 ,13.01%,778人 ,5.22月 ,207人 ,685.29分钟 ,22663万 ,-2452.1万 
车e融 ,3520.97万 ,10%,87人 ,1.00月 ,110人 ,461.84分钟 ,3520.97万 ,-2279.14万 
民民贷 ,3518.77万 ,14.09%,597人 ,1.91月 ,358人 ,627.37分钟 ,12554.81万 ,-785.68万 
智佳金服 ,3468.02万 ,11.51%,8726人 ,5.68月 ,264人 ,1048.42分钟 ,17324.77万 ,2123.06万 
玖融网 ,3414.81万 ,8.76%,4591人 ,3.06月 ,169人 ,-- ,50863.12万 ,-7801.64万 
通通理财 ,3310.5万 ,10.30%,643人 ,2.09月 ,68人 ,663.49分钟 ,11396.48万 ,-1225.93万 
紫金所 ,3307.66万 ,11.11%,2362人 ,21.03月 ,291人 ,3.11分钟 ,94606.59万 ,-5007.13万 
陇e贷 ,3291.25万 ,7%,409人 ,8.24月 ,43人 ,566.64分钟 ,24938.44万 ,1458.19万 
铜掌柜 ,3238.99万 ,8.71%,2158人 ,6.67月 ,318人 ,461.46分钟 ,142552.09万 ,-3019.14万 
泰山金融 ,3205.5万 ,8.70%,936人 ,7.31月 ,102人 ,711.66分钟 ,18595.5万 ,174.82万 
小狗钱钱 ,3137.8万 ,6.42%,990人 ,8.61月 ,2593人 ,77.32分钟 ,4950万 ,-895万 
新富金融 ,3088万 ,7.40%,707人 ,3.13月 ,35人 ,476.00分钟 ,12353.7万 ,170.39万 
小宝金融 ,3056.57万 ,12.64%,919人 ,7.19月 ,248人 ,2327.13分钟 ,45967.96万 ,-9058.67万 
向上金服 ,2985.58万 ,11.59%,129146人 ,27.02月 ,2365人 ,3094.29分钟 ,6906830.78万 ,-313.98万 
易享贷 ,2980万 ,8.65%,67人 ,2.29月 ,31人 ,1635.25分钟 ,10020万 ,-195万 
洋葱先生 ,2938.37万 ,8.73%,-- ,13.90月 ,2910人 ,-- ,30320.14万 ,-1190.53万 
邦帮堂 ,2929.68万 ,7.03%,431人 ,2.70月 ,321人 ,640.28分钟 ,18799.45万 ,-1924.89万 
云钱袋 ,2912.04万 ,7.77%,867人 ,5.37月 ,224人 ,384.81分钟 ,16794.1万 ,-1145.68万 
隆金宝 ,2851.69万 ,7.45%,124人 ,4.05月 ,1人 ,850.04分钟 ,60820.85万 ,-10067.73万 
四海众投 ,2829.1万 ,10.01%,419人 ,2.67月 ,52人 ,171.88分钟 ,7822.7万 ,-37.7万 
旺财谷 ,2792.79万 ,7.68%,628人 ,3.90月 ,37人 ,1561.85分钟 ,14900.45万 ,-8433.72万 
易港金融 ,2772.68万 ,9.06%,1004人 ,2.07月 ,220人 ,298.36分钟 ,27233.36万 ,-11188.18万 
悦享金服 ,2768.86万 ,8.63%,342人 ,1.89月 ,41人 ,231.19分钟 ,6102.81万 ,-447.44万 
钜宝盆 ,2715.34万 ,9.02%,429人 ,35.19月 ,184人 ,5.20分钟 ,645560.34万 ,-28383.19万 
京金所 ,2707.29万 ,9.13%,637人 ,5.65月 ,199人 ,1286.62分钟 ,16305.1万 ,-593.8万 
中融宝 ,2700万 ,7.61%,769人 ,5.40月 ,28人 ,249.44分钟 ,41989.22万 ,6844.22万 
秒贷金融 ,2681.7万 ,7.73%,90人 ,2.57月 ,13人 ,-- ,10999.28万 ,-105.8万 
小鸽理财 ,2677.01万 ,8.33%,597人 ,1.85月 ,62人 ,0.72分钟 ,6088.48万 ,-5132.02万 
e融所 ,2659.44万 ,9.21%,3604人 ,36.00月 ,76人 ,95.30分钟 ,123550.01万 ,-3372.09万 
e路同心 ,2585.25万 ,6.38%,2479人 ,12.09月 ,22266人 ,297.04分钟 ,277074.67万 ,-5829.84万 
投资去 ,2572万 ,9.79%,400人 ,4.20月 ,31人 ,2192.42分钟 ,10097万 ,-459.7万 
e葱金融 ,2551.5万 ,7.58%,428人 ,1.07月 ,126人 ,973.18分钟 ,4071.5万 ,-41.5万 
禾泰财富 ,2464.46万 ,10.27%,77人 ,2.11月 ,50人 ,832.34分钟 ,9982.7万 ,-2199.6万 
网投网 ,2420.05万 ,10.09%,523人 ,4.01月 ,62人 ,5079.27分钟 ,17939.64万 ,-6847.15万 
爱钱进 ,2364.71万 ,10.30%,14058人 ,22.60月 ,1414人 ,2023.41分钟 ,3850172.62万 ,-172080.25万 
鑫聚财 ,2350.85万 ,11.76%,755人 ,4.59月 ,79人 ,1884.87分钟 ,9137.05万 ,-1241.81万 
零用贷 ,2334.6万 ,11.34%,763人 ,4.21月 ,334人 ,862.80分钟 ,26098.56万 ,-4880.1万 
信和贷 ,2268.01万 ,14.22%,555人 ,7.69月 ,124人 ,1557.51分钟 ,23418.94万 ,-1064.81万 
爱本地 ,2237.31万 ,14.50%,276人 ,0.32月 ,360人 ,241.22分钟 ,242.74万 ,-119.96万 
生菜金融 ,2208.52万 ,10.31%,2019人 ,18.29月 ,338人 ,153.45分钟 ,181006.25万 ,-4584.51万 
珠宝贷 ,2200万 ,10.68%,762人 ,5.05月 ,22人 ,559.06分钟 ,35000万 ,-12500万 
东方车贷 ,2199.39万 ,12.70%,389人 ,4.09月 ,205人 ,450.29分钟 ,13603.67万 ,-868.77万 
千林贷 ,2192.15万 ,11.55%,-- ,5.35月 ,132人 ,-- ,20164.28万 ,-1403万 
金桥梁 ,2182.74万 ,13.18%,903人 ,3.51月 ,160人 ,1062.18分钟 ,46606.43万 ,-8641.57万 
丁丁金服 ,2160.13万 ,12.55%,1388人 ,14.01月 ,360人 ,524.35分钟 ,27890.45万 ,-3044.28万 
惠金贷 ,2148万 ,14.37%,167人 ,8.53月 ,217人 ,77.21分钟 ,11985.24万 ,-305.7万 
念钱安 ,2111.13万 ,13.34%,730人 ,5.33月 ,134人 ,2037.95分钟 ,24297.33万 ,-6970.29万 
中兴财富 ,2096.73万 ,14.60%,1011人 ,8.89月 ,1889人 ,232.90分钟 ,30605.03万 ,-2047.87万 
道口金融网 ,2081.81万 ,10.14%,461人 ,3.46月 ,291人 ,210.88分钟 ,13326.99万 ,-534.61万 
抱财网 ,2074万 ,8.98%,1289人 ,8.32月 ,24人 ,4215.57分钟 ,283986.99万 ,-50587.02万 
升值空间 ,2026.94万 ,10.24%,348人 ,4.11月 ,38人 ,2111.31分钟 ,11594.69万 ,-1097.9万 
e微贷 ,2009.24万 ,10.62%,482人 ,5.81月 ,75人 ,1306.67分钟 ,20729.36万 ,-548.21万 
浙昌贷 ,1971.97万 ,11.62%,90人 ,1.25月 ,34人 ,494.45分钟 ,3717.36万 ,-3863.99万 
58财福 ,1932.86万 ,7.44%,300人 ,3.11月 ,37人 ,73.95分钟 ,8444.99万 ,-60.57万 
爱投资 ,1928.51万 ,12.05%,1026人 ,12.57月 ,192人 ,460.85分钟 ,1238645.51万 ,-64420.84万 
图腾贷 ,1909.19万 ,11.67%,1026人 ,3.50月 ,3073人 ,74.78分钟 ,81219.76万 ,-19323.13万 
多宝贷 ,1871.9万 ,10.16%,933人 ,8.31月 ,96人 ,1925.66分钟 ,17321.31万 ,129.13万 
东方汇 ,1831.83万 ,6.36%,197人 ,11.67月 ,384人 ,3.07分钟 ,162327.61万 ,-14557.73万 
惠投无忧 ,1825.68万 ,9.79%,337人 ,5.35月 ,64人 ,726.86分钟 ,6148万 ,-662.85万 
车行金服 ,1815.7万 ,18.46%,228人 ,2.38月 ,140人 ,134.56分钟 ,6075.93万 ,-371.09万 
米缸金融 ,1807.98万 ,10.62%,365人 ,3.47月 ,290人 ,58.29分钟 ,35526.76万 ,-17859万 
为为贷 ,1779.19万 ,10.80%,750人 ,2.92月 ,306人 ,1307.34分钟 ,7001.6万 ,-983.02万 
共赢金融 ,1720万 ,11.20%,262人 ,9.32月 ,22人 ,4031.23分钟 ,16301.88万 ,-930.3万 
滚雪球理财 ,1720万 ,7.69%,1378人 ,5.35月 ,25人 ,1915.96分钟 ,21479.53万 ,-1444.73万 
乐享宝 ,1682.33万 ,9.39%,607人 ,7.57月 ,133人 ,767.97分钟 ,-- ,1016.31万 
锦绣钱程 ,1600万 ,8.59%,229人 ,6.56月 ,19人 ,2461.46分钟 ,5730万 ,220万 
来融金服 ,1590.44万 ,10.77%,211人 ,6.69月 ,78人 ,785.11分钟 ,12561.02万 ,-293.45万 
金财动力 ,1579.6万 ,10.03%,403人 ,2.94月 ,804人 ,53.04分钟 ,9365.55万 ,-990.73万 
汉金所 ,1554.6万 ,9.14%,252人 ,13.57月 ,88人 ,969.66分钟 ,20107.11万 ,-1555.83万 
糖果金融 ,1538.11万 ,10.02%,387人 ,6.14月 ,113人 ,1840.09分钟 ,15181.37万 ,-1077.43万 
蜂缘财富 ,1534.3万 ,8.19%,78人 ,3.39月 ,6人 ,1161.12分钟 ,4554.5万 ,-91.8万 
稳贷网 ,1503.29万 ,18.29%,308人 ,30.83月 ,141人 ,439.20分钟 ,30019.97万 ,-365.56万 
新联在线 ,1475.03万 ,12.42%,1105人 ,4.55月 ,141人 ,704.83分钟 ,26735.77万 ,-6106.91万 
小微时贷 ,1459.41万 ,12.26%,734人 ,4.23月 ,460人 ,752.46分钟 ,37173.71万 ,-8090.3万 
安心de利 ,1436.44万 ,7.67%,174人 ,2.07月 ,20人 ,78.22分钟 ,3123.11万 ,-410万 
银强金融 ,1403万 ,10%,151人 ,0.75月 ,39人 ,1875.75分钟 ,1215万 ,-1150万 
有喜财富 ,1371.88万 ,10.23%,117人 ,11.37月 ,142人 ,1106.82分钟 ,15884.9万 ,-75.37万 
助商金服 ,1352.86万 ,12.99%,848人 ,4.52月 ,159人 ,973.89分钟 ,18058.37万 ,-3308.96万 
鄂汇金融 ,1345.1万 ,11.39%,523人 ,4.96月 ,62人 ,3712.33分钟 ,15500.56万 ,-3114.53万 
山东高速金服 ,1338万 ,9.83%,643人 ,10.79月 ,37人 ,1284.86分钟 ,90083.59万 ,-2050.46万 
一点钱 ,1328.3万 ,9.37%,173人 ,2.39月 ,39人 ,2956.07分钟 ,6514.23万 ,-322.87万 
车财网 ,1305.65万 ,14.56%,437人 ,1.77月 ,42人 ,1445.08分钟 ,5595.36万 ,-1970.65万 
银信私人财行 ,1295.46万 ,8.10%,277人 ,5.07月 ,54人 ,1946.11分钟 ,8537.74万 ,320.31万 
新富创投 ,1289.7万 ,10.76%,341人 ,8.60月 ,163人 ,421.70分钟 ,8871.66万 ,-77.14万 
蜜蜂聚财 ,1271.58万 ,11.46%,359人 ,2.18月 ,187人 ,-- ,2644.23万 ,-1988.55万 
微镇 ,1268.62万 ,12.78%,482人 ,4.77月 ,117人 ,511.40分钟 ,4520.95万 ,-1235.49万 
金开贷 ,1246.2万 ,7.74%,388人 ,8.94月 ,29人 ,4.02分钟 ,35069万 ,-7607.9万 
今金贷 ,1242.75万 ,12.76%,122人 ,16.04月 ,19人 ,116.09分钟 ,26031.65万 ,-3142.05万 
脐橙金融 ,1204.76万 ,10.16%,457人 ,5.52月 ,165人 ,951.90分钟 ,8949.23万 ,-953.61万 
融牛在线 ,1180万 ,10.50%,352人 ,1.21月 ,25人 ,1053.46分钟 ,1450万 ,-715万 
58红利 ,1179万 ,8.45%,29人 ,7.67月 ,26人 ,-- ,16901.18万 ,453.71万 
三益宝 ,1176万 ,11.87%,1346人 ,11.66月 ,32人 ,2572.42分钟 ,85057.5万 ,-163万 
广富宝 ,1170.48万 ,12.67%,712人 ,3.19月 ,172人 ,926.58分钟 ,12193.45万 ,-1272.06万 
石榴壳 ,1170万 ,10.20%,85人 ,2.35月 ,42人 ,597.26分钟 ,3240.6万 ,360万 
富金利 ,1162万 ,12.19%,141人 ,3.66月 ,17人 ,1313.39分钟 ,6025万 ,-978万 
易融恒信 ,1065.45万 ,14.19%,1058人 ,17.64月 ,98人 ,1318.53分钟 ,60174.33万 ,-5725.28万 
利好贷 ,1036万 ,12.64%,412人 ,5.10月 ,49人 ,368.01分钟 ,7265.26万 ,-225.85万 
知财网 ,1017.3万 ,15.27%,282人 ,7.50月 ,147人 ,293.61分钟 ,5503.15万 ,26.51万 
即利网 ,1012.02万 ,9.50%,144人 ,4.53月 ,12人 ,991.40分钟 ,5976.02万 ,-20万 
微车融 ,995.68万 ,14.65%,592人 ,2.24月 ,17人 ,960.71分钟 ,18012.85万 ,-5091.92万 
小树时代网贷 ,984.66万 ,15.13%,350人 ,11.31月 ,3951人 ,28.44分钟 ,9523.32万 ,-1672.99万 
小平贷 ,953.83万 ,11.50%,274人 ,5.91月 ,178人 ,79.20分钟 ,5887.32万 ,-345.24万 
京贷金服 ,940.27万 ,8.68%,186人 ,2.02月 ,22人 ,463.96分钟 ,1752.44万 ,-862.92万 
鱼猫金服 ,901.9万 ,9.75%,147人 ,3.13月 ,25人 ,2872.34分钟 ,4187.7万 ,-66.7万 
网筹金融 ,855.1万 ,7.64%,427人 ,3.75月 ,61人 ,960.98分钟 ,7775.3万 ,-1221.2万 
创投汇 ,830万 ,10.78%,62人 ,4.37月 ,13人 ,8280.78分钟 ,2128万 ,430万 
木头人 ,795.8万 ,9.89%,278人 ,3.43月 ,20人 ,452.17分钟 ,5489.92万 ,243万 
微金在线 ,783.06万 ,10.63%,179人 ,3.99月 ,10人 ,3572.18分钟 ,20190.07万 ,11754.39万 
现代众车在线 ,765.02万 ,13.08%,141人 ,16.70月 ,12人 ,2776.95分钟 ,15450.85万 ,-2526.78万 
赶贷网 ,756.04万 ,9.41%,184人 ,1.85月 ,142人 ,980.99分钟 ,2056.71万 ,-370.26万 
固金所 ,745.75万 ,9.73%,282人 ,4.01月 ,12人 ,13057.32分钟 ,10106.44万 ,-1091.93万 
量子金融 ,745.39万 ,14.60%,313人 ,4.36月 ,466人 ,135.51分钟 ,23816.76万 ,12163.65万 
爱鸿森 ,674.78万 ,8.13%,81人 ,5.38月 ,15人 ,3585.93分钟 ,4206.4万 ,126.97万 
融信网 ,650万 ,10.03%,-- ,4.63月 ,18人 ,-- ,4852.82万 ,58.7万 
汇投网 ,641.44万 ,8.84%,190人 ,3.73月 ,31人 ,3034.33分钟 ,8948.45万 ,-212.93万 
德众金融 ,635.51万 ,7.80%,115人 ,10.74月 ,28人 ,461.70分钟 ,64183.68万 ,-4161.17万 
便民投 ,610万 ,9.80%,70人 ,4.57月 ,14人 ,83.02分钟 ,1525万 ,132万 
微邦金融 ,601万 ,11.14%,153人 ,2.45月 ,14人 ,4346.91分钟 ,3736.16万 ,-976.75万 
无忧车贷 ,588.81万 ,12.83%,556人 ,10.34月 ,69人 ,1714.44分钟 ,7868.34万 ,-1297.58万 
信融投资 ,579.81万 ,10.66%,328人 ,1.94月 ,49人 ,2192.73分钟 ,1315.74万 ,-425.76万 
融通资产 ,526.73万 ,9.59%,247人 ,5.44月 ,24人 ,296.84分钟 ,29625.55万 ,10794.04万 
中融通贷 ,516万 ,11.32%,90人 ,1.72月 ,11人 ,743.72分钟 ,17688.22万 ,12721.22万 
粒子财富 ,506.98万 ,11.97%,131人 ,2.85月 ,89人 ,1376.37分钟 ,4241.78万 ,-614.47万 
聚宝珠 ,504.2万 ,9.25%,207人 ,9.03月 ,12人 ,3154.16分钟 ,10073.69万 ,229.2万 
益投网贷 ,499万 ,15.19%,62人 ,4.06月 ,26人 ,1659.97分钟 ,1776.11万 ,-13.24万 
车励享金服 ,498.2万 ,10.63%,92人 ,1.71月 ,44人 ,1268.71分钟 ,676.13万 ,-61.37万 
鑫银宝 ,495.76万 ,12.44%,59人 ,7.52月 ,209人 ,56.52分钟 ,3965.57万 ,-93.79万 
惠富天下 ,495.7万 ,9.58%,154人 ,6.80月 ,51人 ,-- ,-- ,-- 
优投金服 ,481.41万 ,10.46%,45人 ,5.12月 ,87人 ,-- ,4387.04万 ,-395.84万 
立业贷 ,480.43万 ,11.18%,514人 ,4.45月 ,77人 ,1436.49分钟 ,24168.29万 ,-3517.44万 
就爱金融 ,476.09万 ,8.43%,48人 ,2.16月 ,7人 ,1302.88分钟 ,16788.45万 ,13943.89万 
果树财富 ,464.53万 ,11.88%,730人 ,6.82月 ,225人 ,520.26分钟 ,34804.5万 ,-3305.34万 
惠恩资本 ,452.3万 ,11.24%,170人 ,7.96月 ,54人 ,1630.91分钟 ,4167.74万 ,-231.08万 
平太金服 ,450万 ,9.41%,45人 ,2.38月 ,8人 ,157.34分钟 ,940万 ,10万 
沪商财富 ,436万 ,12.44%,499人 ,6.98月 ,31人 ,147.88分钟 ,49384.09万 ,-3781.75万 
瑞达金服 ,410.32万 ,11.81%,56人 ,2.81月 ,54人 ,529.25分钟 ,1250.99万 ,38.1万 
第三方金融 ,406万 ,9.69%,77人 ,5.23月 ,28人 ,-- ,5166.28万 ,-292.29万 
淘淘金 ,404.45万 ,8.11%,271人 ,6.93月 ,98人 ,769.12分钟 ,59762.96万 ,-8394.17万 
一点通财富 ,395.16万 ,11.97%,240人 ,4.66月 ,670人 ,369.67分钟 ,2068.03万 ,-153.84万 
钱来也 ,390万 ,13.05%,90人 ,3.05月 ,10人 ,1789.76分钟 ,1410.6万 ,-33.2万 
联投银帮 ,370.75万 ,12.58%,-- ,1.92月 ,58人 ,-- ,8238.61万 ,-1619.52万 
生隆金服 ,355万 ,9.05%,-- ,1.00月 ,6人 ,-- ,909万 ,60万 
利融网 ,354万 ,13.95%,119人 ,3.07月 ,17人 ,4076.05分钟 ,1123.62万 ,-40.7万 
前金融 ,349.27万 ,11.98%,250人 ,4.13月 ,14人 ,1005.99分钟 ,33222.06万 ,7854.56万 
车赚 ,329.9万 ,12.69%,166人 ,1.63月 ,55人 ,1233.50分钟 ,910.17万 ,-206.68万 
利聚网 ,303.2万 ,13.77%,214人 ,4.84月 ,21人 ,4019.19分钟 ,5643.01万 ,-3654.9万 
好房理财网 ,290.1万 ,10.93%,26人 ,5.79月 ,7人 ,8604.30分钟 ,1891.65万 ,99.95万 
千金e诺 ,274.1万 ,9.09%,77人 ,4.63月 ,25人 ,2040.11分钟 ,1773.1万 ,-69万 
惠农时贷 ,269.73万 ,8.70%,32人 ,5.72月 ,47人 ,188.63分钟 ,1460.42万 ,156.06万 
车富88 ,245.8万 ,9.37%,67人 ,2.21月 ,19人 ,3044.38分钟 ,3192.91万 ,-1244.62万 
百泉贷 ,245万 ,13.64%,138人 ,9.55月 ,3人 ,3680.57分钟 ,32759.22万 ,13189.22万 
金柜贷 ,236万 ,9.06%,75人 ,9.62月 ,49人 ,124.77分钟 ,2212.54万 ,27.3万 
甬e贷 ,224万 ,13.49%,77人 ,4.46月 ,26人 ,3434.76分钟 ,2125.1万 ,-845.91万 
鸿学金信 ,190.78万 ,11.25%,528人 ,21.18月 ,112人 ,-- ,4490.63万 ,-269.73万 
投促金融 ,171.78万 ,8.70%,54人 ,6.00月 ,3人 ,4842.49分钟 ,15145.77万 ,-78.22万 
快捷财富 ,150.1万 ,12.93%,202人 ,5.38月 ,13人 ,3093.78分钟 ,1648.01万 ,38.4万 
几何金融 ,149万 ,8.80%,21人 ,5.40月 ,6人 ,192.92分钟 ,2576.64万 ,-- 
皖都金融 ,139.67万 ,12.83%,42人 ,5.31月 ,22人 ,5191.92分钟 ,1106.68万 ,-161.37万 
介贷网 ,135万 ,13.78%,87人 ,11.56月 ,3人 ,15.08分钟 ,8136.29万 ,-459万 
七彩格子 ,130.7万 ,9.35%,28人 ,1.25月 ,464人 ,3022.21分钟 ,201.2万 ,-738.8万 
码头益 ,126万 ,8%,15人 ,3.22月 ,5人 ,2364.59分钟 ,572.91万 ,-77.22万 
中融投 ,123.03万 ,11.58%,159人 ,7.79月 ,4人 ,2078.97分钟 ,46177.13万 ,4032.68万 
互贷网 ,106.6万 ,10%,1305人 ,0.12月 ,10人 ,722.07分钟 ,36795.3万 ,-4047.12万 
汇泰在线 ,99.5万 ,13.34%,138人 ,4.76月 ,10人 ,-- ,1864.7万 ,-378.1万 
178网贷 ,94万 ,14.72%,35人 ,2.45月 ,9人 ,103.25分钟 ,231.28万 ,9.73万 
青鱼金融 ,78万 ,8.97%,53人 ,5.65月 ,6人 ,23.06分钟 ,652.5万 ,-32.04万 
优聚投 ,72.42万 ,10.80%,32人 ,1.81月 ,2人 ,4604.63分钟 ,363.48万 ,-325.39万 
亚泰普惠 ,70万 ,14.31%,41人 ,2.07月 ,6人 ,7014.42分钟 ,15763.98万 ,13849.5万 
金晟创投官方 ,68万 ,11.04%,47人 ,2.60月 ,4人 ,2621.66分钟 ,1559.93万 ,-426.98万 
乐升易贷 ,60万 ,10.80%,14人 ,6.00月 ,2人 ,61.27分钟 ,15119.61万 ,14240.82万 
速贷100 ,56.06万 ,12.94%,15人 ,7.89月 ,16人 ,1537.29分钟 ,305.06万 ,34.03万 
锐盈财富 ,54万 ,12%,15人 ,12.00月 ,4人 ,3.37分钟 ,999.15万 ,-121.55万 
信用宝 ,50.3万 ,16.44%,-- ,11.47月 ,22人 ,-- ,23371.41万 ,12754.93万 
贴身贷 ,41万 ,9.74%,5人 ,3.44月 ,7人 ,1322.91分钟 ,14269.73万 ,13774.22万 
产融贷 ,30万 ,12.67%,9人 ,1.67月 ,2人 ,413.50分钟 ,103万 ,-148万 
小九金服 ,29.79万 ,12.66%,11人 ,3.49月 ,11人 ,-- ,20845.18万 ,1274.1万 
汇诚普惠 ,14.78万 ,11%,8人 ,11.67月 ,2人 ,61.45分钟 ,678.24万 ,-96.47万 
联连普金 ,-- ,-- ,-- ,-- ,-- ,-- ,64513.59万 ,12289.22万 
中投摩根 ,-- ,-- ,-- ,-- ,-- ,-- ,17713.93万 ,13148.38万 
方元金服 ,-- ,-- ,294人 ,-- ,-- ,3493.43分钟 ,12658.8万 ,-1104.52万 
收获宝 ,-- ,-- ,59人 ,-- ,-- ,5856.71分钟 ,16584.22万 ,14104.2万 
世纪金服 ,-- ,-- ,35人 ,-- ,-- ,110.31分钟 ,24775.22万 ,13761.22万 
赢贷通 ,-- ,-- ,216人 ,-- ,-- ,802.33分钟 ,8548万 ,-246万 
科瑞财富 ,-- ,-- ,4人 ,-- ,-- ,-- ,16882.22万 ,13883.22万 
金控网贷 ,-- ,-- ,425人 ,-- ,-- ,286.20分钟 ,14533.8万 ,5291.55万 
徽金猫 ,-- ,-- ,38人 ,-- ,-- ,34.40分钟 ,2584.91万 ,-795.72万 
后河财富 ,-- ,-- ,-- ,-- ,-- ,-- ,49619.86万 ,10532.61万 
律信智投 ,-- ,-- ,67人 ,-- ,-- ,22.10分钟 ,1078.93万 ,-578.22万 
好收益 ,-- ,-- ,291人 ,-- ,-- ,907.35分钟 ,10834万 ,-2765万 
财神在线 ,-- ,-- ,140人 ,-- ,-- ,1234.91分钟 ,4898.7万 ,-899.58万 
投这家 ,-- ,-- ,-- ,-- ,-- ,-- ,18287.6万 ,12293.51万 
晋商金服 ,-- ,-- ,-- ,-- ,-- ,-- ,14065.91万 ,13829.42万 
寻贷网 ,-- ,-- ,34人 ,-- ,-- ,2640.73分钟 ,6794.46万 ,-109.04万 
微品金融 ,-- ,-- ,577人 ,-- ,-- ,2790.00分钟 ,18102.99万 ,13926.77万 
理财盒子 ,-- ,-- ,32人 ,-- ,-- ,3446.18分钟 ,38267万 ,11337.29万 
建工E贷 ,-- ,-- ,33人 ,-- ,-- ,3292.40分钟 ,580万 ,40万 
迅泊达 ,-- ,-- ,137人 ,-- ,-- ,1100.42分钟 ,6264.4万 ,-965.95万 
财富N次方 ,-- ,-- ,58人 ,-- ,-- ,-- ,-- ,-11.03万 
金信网 ,-- ,-- ,-- ,-- ,-- ,-- ,27418.23万 ,4569.66万 
睿信财富 ,-- ,-- ,2人 ,-- ,-- ,3.00分钟 ,14408.42万 ,14225.22万 
工艺通 ,-- ,-- ,193人 ,-- ,-- ,2500.65分钟 ,37603万 ,-7390万 
阜金网 ,-- ,-- ,501人 ,-- ,-- ,854.92分钟 ,5998.22万 ,-328.53万 
融金桥 ,-- ,-- ,1人 ,-- ,-- ,-- ,15432.22万 ,13799.22万 
易米阳光 ,-- ,-- ,4人 ,-- ,-- ,1.50分钟 ,14499.22万 ,13820.72万 
银子铺 ,-- ,-- ,219人 ,-- ,-- ,2919.96分钟 ,9685万 ,-7605.8万 
丰投网 ,-- ,-- ,229人 ,-- ,-- ,736.25分钟 ,3538.42万 ,-81万 
点石金融 ,-- ,-- ,42人 ,-- ,-- ,562.05分钟 ,1255万 ,-205万 
创绩宝 ,-- ,-- ,59人 ,-- ,-- ,1028.57分钟 ,1189.92万 ,-107.88万 
粤商贷 ,-- ,-- ,-- ,-- ,-- ,-- ,33146.64万 ,10389.37万 
慧融财富 ,-- ,-- ,479人 ,-- ,-- ,224.52分钟 ,1065万 ,-150万 
爱当宝 ,-- ,-- ,-- ,-- ,-- ,-- ,-- ,13759.72万 
瓯金所 ,-- ,-- ,129人 ,-- ,-- ,210.22分钟 ,3129万 ,-841.5万 
小白菜理财 ,-- ,-- ,43人 ,-- ,-- ,883.86分钟 ,135.14万 ,-10.45万 
金源贷 ,-- ,-- ,150人 ,-- ,-- ,191.05分钟 ,4867万 ,1564万 
看看钱包 ,-- ,-- ,104人 ,-- ,-- ,932.62分钟 ,2679.9万 ,-191.3万 
大时贷 ,-- ,-- ,26人 ,-- ,-- ,935.36分钟 ,12649万 ,-19万 
贷财行 ,-- ,-- ,-- ,-- ,-- ,-- ,20514.52万 ,11769.72万 
新华久久贷 ,-- ,-- ,15人 ,-- ,-- ,1.32分钟 ,4345万 ,-730万 
泛湾天域 ,-- ,-- ,321人 ,-- ,-- ,638.05分钟 ,6661.31万 ,-252.25万 
融众网 ,-- ,-- ,459人 ,-- ,-- ,3830.08分钟 ,11780.86万 ,-608万 
步步盈 ,-- ,-- ,-- ,-- ,-- ,-- ,19219.19万 ,12780.34万 
首信创投 ,-- ,-- ,79人 ,-- ,-- ,217.45分钟 ,2046.7万 ,-29.4万 
点点财富 ,-- ,-- ,34人 ,-- ,-- ,187.34分钟 ,4314万 ,-663万 
鼎信贷 ,-- ,-- ,62人 ,-- ,-- ,264.12分钟 ,21662.61万 ,12896.27万 
乾诚金服 ,-- ,-- ,-- ,-- ,-- ,-- ,20798.72万 ,12624.22万 
捷创贷 ,-- ,-- ,6人 ,-- ,-- ,1955.55分钟 ,20.1万 ,-14.9万 
医购贷 ,-- ,-- ,97人 ,-- ,-- ,164.68分钟 ,30359.15万 ,-3106.01万 
笨小孩理财 ,-- ,-- ,458人 ,-- ,-- ,94.25分钟 ,7811.45万 ,774.51万 
赢众投 ,-- ,-- ,10人 ,-- ,-- ,828.50分钟 ,26959.22万 ,11889.22万 
财小喵 ,-- ,-- ,137人 ,-- ,-- ,2156.29分钟 ,1635万 ,-2753万 
财富派 ,-- ,-- ,-- ,-- ,-- ,-- ,17263.79万 ,10472.65万 
微E贷 ,-- ,-- ,165人 ,-- ,-- ,632.00分钟 ,4523.62万 ,-563.96万 
奔宝贷 ,-- ,-- ,42人 ,-- ,-- ,3385.32分钟 ,2088.29万 ,-328.09万 
小算盘 ,-- ,-- ,508人 ,-- ,-- ,1159.06分钟 ,8874.18万 ,-1707.1万 
爱木财富 ,-- ,-- ,209人 ,-- ,-- ,5964.40分钟 ,4568万 ,51万 
创融在线 ,-- ,-- ,42人 ,-- ,-- ,2.50分钟 ,93.95万 ,-36.23万 
跃龙财富 ,-- ,-- ,228人 ,-- ,-- ,215.68分钟 ,2363.8万 ,-160.91万 
日日昌 ,-- ,-- ,480人 ,-- ,-- ,794.79分钟 ,43777.38万 ,10311.09万 
投理想 ,-- ,-- ,255人 ,-- ,-- ,189.12分钟 ,3608万 ,-225万 
金融社 ,-- ,-- ,80人 ,-- ,-- ,831.38分钟 ,12608.92万 ,80.5万 
前海广深发 ,-- ,-- ,-- ,-- ,-- ,-- ,18144.13万 ,13628.73万 
融易投 ,-- ,-- ,162人 ,-- ,-- ,3442.96分钟 ,1396.4万 ,-202万 
麻袋财富 ,-- ,-- ,-- ,-- ,-- ,202.94分钟 ,2032569.26万 ,-10336.93万 
钱富通 ,-- ,-- ,92人 ,-- ,-- ,3474.74分钟 ,3911.21万 ,-207.24万 
冀金宝 ,-- ,-- ,113人 ,-- ,-- ,802.88分钟 ,5990万 ,-400万 
兴易贷 ,-- ,-- ,475人 ,-- ,-- ,1427.72分钟 ,7563.8万 ,-695.2万 
沃联财富 ,-- ,-- ,46人 ,-- ,-- ,2145.31分钟 ,1389.29万 ,77.61万 
投呗 ,-- ,-- ,174人 ,-- ,-- ,2409.34分钟 ,90076.98万 ,-972.32万 
亿亿理财 ,-- ,-- ,72人 ,-- ,-- ,3634.94分钟 ,4649.05万 ,-639.68万 
私房投 ,-- ,-- ,50人 ,-- ,-- ,925.00分钟 ,573.23万 ,-134.38万 
白银巷子 ,-- ,-- ,-- ,-- ,-- ,-- ,19775.62万 ,13328.81万 
欧亚金融 ,-- ,-- ,11人 ,-- ,-- ,9.45分钟 ,2653万 ,-3471万 
核新产融 ,-- ,-- ,867人 ,-- ,-- ,1291.26分钟 ,26108.69万 ,-3589.01万 
你好贷 ,-- ,-- ,-- ,-- ,-- ,-- ,1479.5万 ,31.5万 
瑞银创投 ,-- ,-- ,-- ,-- ,-- ,-- ,16240.87万 ,12943.57万 
如意财富 ,-- ,-- ,87人 ,-- ,-- ,-- ,180万 ,6万 
百合贷 ,-- ,-- ,54人 ,-- ,-- ,-- ,20727.01万 ,11367.67万 
物金所 ,-- ,-- ,-- ,-- ,-- ,-- ,18864.22万 ,12934.22万 
财小主 ,-- ,-- ,280人 ,-- ,-- ,550.69分钟 ,10184.41万 ,-8.96万 
汇贷天下 ,-- ,-- ,169人 ,-- ,-- ,1043.08分钟 ,13966万 ,-428万 
爱上贷 ,-- ,-- ,133人 ,-- ,-- ,103.50分钟 ,509.9万 ,-326.66万 
国民丰泰 ,-- ,-- ,6人 ,-- ,-- ,-- ,14915.36万 ,11952.49万 
玖富普惠 ,-- ,-- ,217人 ,-- ,-- ,-- ,16964.77万 ,14194.48万 
中广核富盈 ,-- ,-- ,330人 ,-- ,-- ,376.43分钟 ,92659.44万 ,393.43万 
爱康金服 ,-- ,-- ,331人 ,-- ,-- ,999.40分钟 ,16511.26万 ,-859.97万 
筷来财 ,-- ,-- ,378人 ,-- ,-- ,914.98分钟 ,5822.21万 ,-1550.77万 
洋钱罐 ,-- ,-- ,-- ,-- ,-- ,3.92分钟 ,590340.51万 ,-5623.98万 
轩辕财富 ,-- ,-- ,3人 ,-- ,-- ,395.82分钟 ,482.5万 ,377万 
温易贷 ,-- ,-- ,39人 ,-- ,-- ,349.91分钟 ,450万 ,-150万 
喔喔贷 ,-- ,-- ,-- ,-- ,-- ,-- ,34403.17万 ,10315.26万 
贷未来 ,-- ,-- ,2人 ,-- ,-- ,0.49分钟 ,1193.9万 ,173.7万 
房易贷 ,-- ,-- ,195人 ,-- ,-- ,1038.38分钟 ,11920万 ,-576万 
众可贷 ,-- ,-- ,115人 ,-- ,-- ,-- ,980.6万 ,-168.05万 
钱诚理财 ,-- ,-- ,100人 ,-- ,-- ,0.29分钟 ,3747.93万 ,-1368.34万 
掌存宝 ,-- ,-- ,-- ,-- ,-- ,-- ,17932.31万 ,12562.63万 
1号钱庄 ,-- ,-- ,57人 ,-- ,-- ,1234.78分钟 ,-- ,-16万 
前金所 ,-- ,-- ,65人 ,-- ,-- ,3135.14分钟 ,6710.1万 ,-2011.36万 
