appName,timeOnline,rate,score
团贷网,2012/7/15,11.70%,3.5
前海惠农,2016/1/1,10.50%,3.3
和信贷,2014/3/7,12.20%,3
翼龙贷,2011/4/1,8.70%,3
你我贷,2011/6/18,13.10%,3.4
拍拍贷,2007/6/17,10.00%,3.1
微贷网,2011/7/8,6.80%,3.7
点融,2013/3/18,11.20%,2.9
人人贷,2010/10/13,12.20%,3.6
投哪网,2012/5/4,8.80%,2.8
向上金服,2013/8/16,11.70%,4
联金所,2013/11/1,11.90%,3.6
广信贷,2013/1/21,16.00%,3.5
捞财宝,2015/7/28,11.00%,3.1
积木盒子,2013/8/7,11.90%,3.2
E都市钱包,2016/7/1,8.40%,3.9
钱牛牛,2014/9/15,7.50%,3.7
PPmoney网贷,2012/12/12,9.80%,3
玖富,2013/10/10,9.50%,3
合众e贷,2015/11/16,10.50%,3.8
民贷天下,2014/12/31,10.40%,3.8
铜板街,2013/6/11,-,3.8
汇盈金服,2013/12/23,8.10%,3.7
麻袋财富,2014/12/8,10.50%,3.5
信而富,2010/11/1,11.00%,2.5
资产家,2016/5/30,-,0
兆京财富,2017/4/1,-,0
金多子,2017/12/5,-,4
亿舜金服,2017/1/16,-,0
开心宝财富,2017/1/1,-,0
微金石,2015/11/1,-,2.9
联安贷,2015/12/18,-,2.3
亿谱汇,2015/4/30,-,4.3
河南亿人,2017/9/13,-,4
咕咕理财,2017/9/15,-,4.6
百年银子市,2015/10/21,-,0
盾金所,2017/11/30,8.80%,4
余薪乐,2017/9/2,-,4
铂宁贷,2017/11/30,-,0
无忧微贷,2017/5/1,-,2
秀秀金服,2016/5/25,-,4.9
榄盛邦,2017/4/7,-,3.5
懿金服,2017/8/8,-,4.4
爱嘉富,2015/11/23,-,3.5
雨桥金融,2017/10/12,-,4.3
银海金服,2017/11/10,-,3.5
利群在线,2018/1/20,-,4.4
营普金服,2016/5/8,-,3.9
小财迷,2016/6/29,-,3.5
福气钱庄,2017/11/6,-,4.3
91飞猫,2017/8/1,-,2.9
利创投,2017/9/22,-,2.1
周周贷,2017/6/26,-,4
桑善金服,2017/11/24,-,4.1
一人一贷,2014/9/13,-,3
金呗金服,2017/11/29,-,0
秉利金服,2017/12/18,-,2.6
安合网,2013/9/25,-,0
利通金服,2016/4/20,-,0
蓝海金融,2017/9/25,-,2.8
贝果金融,2015/12/1,-,2.7
汇富万家,2015/3/26,11.00%,0
美环艺速,2017/8/10,-,3.7
农金宝互金,2015/5/1,-,2.6
油界贷,2016/5/12,-,0
贝多芬财富,2017/11/12,-,3.4
五福理财,2017/9/21,-,4
悠哉猫,2016/5/6,-,3.2
丰宝金服,2018/1/13,-,4.1
往来金服,2017/4/18,-,3.8
车励享理财,2017/10/12,-,3
菠菜理财,2017/9/28,-,3.4
企商理财,2017/6/16,-,4.5
睿恒钱贝网,2016/1/10,9.00%,4.8
全融网,2015/11/18,-,1
锤子金融,2017/9/15,-,2.6
御坤财富,2017/8/23,-,3
极速猫理财,2017/7/1,-,4.2
牛人街,2017/7/5,-,4.5
旺力金融,2016/7/18,-,0
嵩元金服,2017/12/16,-,0
科融宝,2016/3/7,-,0
穆金所,2016/4/20,-,3
滴水贷,2017/5/4,-,1.6
绿地金服,2015/8/25,-,3.6
中青网投,2016/12/26,-,4
汇银融通,2017/12/28,-,1.3
花生投,2017/9/30,-,3
钱融融,2017/8/16,-,5
坤泉理财,2017/7/18,8.90%,3.3
城道理财,2018/1/8,-,3.5
沃顿金服,2017/8/21,-,3.8
高财生,2017/8/23,-,4.2
协融所,2017/5/24,-,0
安创理财,2016/1/1,-,4.8
及时赚,2017/9/28,-,3.5
浣熊理财,2017/9/5,-,3.8
蜜蜂互惠,2016/5/23,-,0
双赢地带,2015/2/5,-,4.6
盈喵金服,2016/10/1,-,4.5
懒丁贷,2017/6/6,-,3.7
代代发,2016/2/5,-,3.8
e鹭理财,2017/7/31,-,3.3
方捷金融,2017/12/19,-,4.3
白金钱包,2016/12/22,-,4.6
网恒在线,2017/10/31,-,1
我能理财,2016/10/10,-,4.4
阿尔法金融,2017/9/8,-,3.3
融牛在线,2018/1/15,-,3.1
用呗金融,2015/7/1,12.90%,4.4
唐人钱包,2017/11/16,-,0
随手记,2010/6/18,-,3.1
开金所,2016/4/1,-,4.5
微银易贷,2016/7/8,-,4.3
融桥网,2017/8/16,-,2.9
钱秘书理财,2016/6/12,-,3.1
润银所,2017/11/16,-,0
凹凸凹金服网,2017/8/1,8.50%,3.1
三一金服,2015/12/9,-,4.1
聚富蛙,2017/7/1,-,3.9
储钱箱,2016/7/20,-,3.6
承国财富,2017/9/1,-,3.5
智慧财,2017/12/7,-,4.1
尚融网贷,2015/2/12,-,0
51财融融,2017/7/8,10.10%,3
安快金融,2014/7/28,-,2.3
UU理财,2017/10/1,-,3.8
索星金服,2017/8/1,-,4
纵横理财,2017/8/10,-,0
满宝金服,2018/3/2,-,1
金蝠,2018/1/8,-,4.5
点聚财,2018/3/17,-,3.5
大家赢金服,2015/5/4,-,4.1
普道投资,2014/12/1,-,0
乾诚金服,2015/11/17,-,0
鼎财富,2017/11/15,-,4.4
鑫银宝,2015/6/1,-,4.7
社金互联,2017/7/18,-,0
金点金服,2018/4/28,-,4.5
几何金融,2016/1/15,8.70%,4
得力金服,2017/9/18,-,3.5
立信投资,2016/6/11,-,4
园宝金服,2016/12/20,-,3.9
旺马财富,2016/7/12,-,3.3
1号领投,2016/6/1,-,4
妙银理财,2018/6/1,-,0
重信合伙人,2017/5/4,-,0
众拓贷,2016/1/8,-,4.1
粤盛金融,2017/10/16,10.40%,4.5
来浙投,2017/11/8,-,2.6
聚龙理财,2017/3/28,-,2.6
濡江财富,2015/12/31,-,4.5
伽满优,2017/9/1,-,3.7
鑫路金融,2017/11/15,-,0
小滨金融,2017/4/24,-,4
板板金服,2017/11/15,-,2
盛丰金服,2015/11/21,-,0
博安杰,2017/7/31,-,3.5
余小财,2018/3/10,-,2.8
福运金控,2018/4/1,-,3.3
太安宝,2015/6/19,8.00%,4.8
信域金融,2017/8/28,-,4.7
汇诚普惠,2016/6/18,-,3.3
泰阳信诺,2017/9/1,11.00%,2.9
普汇宝,2017/11/30,-,0
恒泰金服,2014/8/5,8.50%,5
时光金融,2016/4/20,-,1
长涛金融,2017/2/1,-,0
金融博士,2016/5/27,-,1
易贷富,2018/3/26,-,0
钱都金服,2017/1/22,-,0
钱坤宝,2014/11/26,-,0
旺隶轩金服,2017/7/10,-,0
汇淘金,2018/2/28,-,0
农金所（桂）,2016/11/2,-,0
投友圈,2014/8/1,-,0
钱夹,2016/5/25,-,0
云财富,2015/8/11,-,0
房众金融,2016/1/26,-,0
有利金服,2015/8/12,-,1
津启宝,2017/12/4,-,0
皓月金服,2017/9/17,-,0
易麦理财,2017/9/4,-,0
恒N财富,2015/9/17,-,0
龙龙理财,2017/10/27,-,0
诚信金融,2016/5/8,-,3
小马资本,2017/4/12,-,3.4
红小宝,2016/6/30,12.00%,4.1
猫咪财富,2017/6/1,-,0
麦麦理财,2018/1/18,-,1
利投网,2015/4/30,-,0
E宠贷,2017/11/22,-,4
沃享财富,2017/9/27,-,3.8
笑脸金融,2015/7/28,8.00%,3.8
鲁小姐理财,2017/11/3,-,4.9
弹钱吧,2017/12/20,12.00%,4.1
实力派,2016/4/15,-,0
富车在线,2016/8/18,-,3.1
京大财富,2017/8/1,-,3.9
鲸明理财,2018/4/28,-,4.5
米宝理财,2015/10/13,8.50%,0
团聚创投,2017/9/21,-,0
大账户,2015/5/1,-,3.9
秒钱,2014/2/14,-,4.2
惠财,2016/7/25,-,4.7
金众金服易汇贷,2014/9/19,-,4.5
领钱儿,2015/10/15,-,4.4
有财气,2016/5/16,9.00%,3.5
极智金融,2017/9/21,-,3.8
乐钱宝,2016/5/27,-,1.5
萌橙理财,2017/9/12,11.00%,4.7
派派金,2016/4/18,-,5
钱上钱,2016/8/16,-,0
鹭岛金服,2017/5/3,-,0
金豆子,2017/5/15,-,0
靓钱包,2015/8/18,-,0
满亿宝,2015/5/6,-,0
皇金所,2015/3/15,-,0
金利网,2017/12/1,-,0
金饭碗理财,2016/6/22,-,0
翼汇财,2016/6/14,-,0
财米,2009/11/17,-,0
指旺财富,2017/11/3,-,0
佳佳盈,2015/10/1,-,0
焱丰金服,2018/5/16,-,0
福米金融,2015/8/3,-,0
滚利金服,2016/11/18,-,3
鑫宝宝,2018/4/3,-,0
铜牛聚财,2018/1/5,-,5
襄信金服,2014/7/24,-,0
鑫荣咖,2018/7/16,-,0
高风金融,2015/10/31,-,0
阜阳金融网,2014/8/18,-,0
彦宏金融,2017/6/2,-,0
小胖理财,2016/4/6,-,0
小行家金服,2016/4/9,-,0
小微理财,2017/11/3,-,0
亚泰普惠,2016/6/28,14.30%,4.7
金满赢,2017/12/13,-,0
锐银理财,2018/5/1,-,4.5
初见理财,2017/9/1,-,4.3
小智理财,2017/11/27,-,4.5
滚雪球理财,2014/7/1,7.60%,3.9
金猪理财,2017/9/1,-,4.4
万创金融,2017/3/28,-,3.5
海贝金融,2017/12/28,11.00%,4.3
小满金服,2016/7/1,-,0
久久财富,2015/11/6,-,0
天顺贷,2017/4/4,-,0
义贷网,2016/4/26,-,3
普惠财富,2017/9/19,-,0
广融财富,2018/4/18,-,0
寸芒金融,2016/8/8,-,0
讴业普惠,2016/8/8,13.00%,4.8
土土金服,2017/4/24,11.50%,4
合贝金服,2015/9/14,-,3.5
启点金融,2016/3/5,-,4.8
顺心理财,2017/8/3,-,4.1
利典金融,2015/1/22,-,0
你财富,2015/8/19,-,2.4
九五理财,2014/10/8,-,0
丰丰金融,2017/12/2,11.00%,2.6
唯吾财富,2018/1/15,-,0
君易贷,2014/9/9,-,0
微客金服,2017/10/30,-,0
中南e贷,2015/4/28,-,0
聚信行,2014/11/18,-,0
荷包金融,2015/2/8,-,0
e联贷,2012/8/1,-,2.8
翱太金融,2017/8/2,-,3.8
小余在线,2017/8/10,-,4
小鸽理财,2015/12/12,8.40%,4.3
东朗理财,2018/2/1,-,0
上金库,2016/4/29,-,0
微微金融,2015/12/9,-,0
苗岭信投,2013/12/3,-,0
优宝汇,2016/12/9,-,0
喜喜钱贷,2017/9/18,-,0
合众国金,2016/2/1,-,0
恒慧融,2016/10/11,-,0
尚古天下,2017/8/30,-,0
商房所,2016/10/30,-,0
加财金服,2016/7/28,-,0
360金融,2014/3/14,15.00%,3.1
宜聚宝,2016/6/22,12.00%,3
存米网,2014/1/4,18.00%,4
华众金服,2014/1/16,10.20%,3.5
金宝会,2014/10/1,-,0
金砖财行,2013/7/15,-,0
e融e贷,2014/6/9,-,3
粤辉财富,2013/9/22,-,4.8
奇象理财,2015/9/17,-,0
网易理财,2013/12/18,-,4.5
一加二金融,2015/4/16,-,3.6
互金宝,2014/5/14,-,0
宁波银行直销银行,2014/7/16,-,0
沃贷宝,2015/7/1,-,4.5
海金社,2016/3/15,-,1
宜盛宝,2015/12/20,-,4.2
钱口贷（黔）,2014/12/9,-,0
群盈财富,2015/2/14,-,0
小管家,2016/12/20,-,0
包公有财,2016/8/1,-,4.2
财金圈,2015/11/1,-,4
多点金融,2017/6/13,-,0
钱包金融,2017/9/12,-,3
玛瑙湾,2015/12/12,6.60%,4.7
掌众财富,2014/10/16,-,4.8
缤纷贷,2014/3/24,-,3
美易理财,2015/12/17,-,4
贷贷红,2014/7/24,-,2.5
C金所,2015/4/1,6.00%,2.7
e车融,2015/11/9,-,0
儒商财富,2014/1/10,-,0
蜗牛在线,2016/6/14,-,5
金桔财富,2015/4/27,-,0
太保金服,2015/12/17,-,0
房天下理财,2014/8/27,-,4.8
信达金服,2014/8/5,-,0
找银子,2014/8/27,9.30%,2.3
广西臻信,2017/8/8,-,0
蜜蜂聚财,2016/5/1,10.80%,3.8
全融信贷,2015/4/1,10.00%,0
福利金融,2015/8/24,10.00%,3.7
乐富宝,2014/6/5,-,0
易米阳光,2015/2/10,-,0
领鲜理财,2015/7/13,-,0
苹果投资,2015/12/1,-,3.8
同城一贷,2015/5/26,-,3.1
七八金融,2015/7/7,-,3.6
丰收宝,2015/6/10,-,3.9
投资无忧,2014/5/18,-,4.5
钱市网,2014/9/22,13.00%,4.4
添米,2015/1/8,-,0
首融在线,2015/4/2,-,0
佳缘金融,2015/8/4,-,4
易金易,2015/1/15,-,0
壹路易贷,2015/9/2,-,0
兴业创投,2014/8/8,-,0
供销金融,2015/6/1,-,0
金勺子,2015/6/8,-,0
创乐财富,2015/7/15,-,3
速溶360,2013/9/20,-,1
惠财富,2014/10/30,-,0
七星贷,2016/1/11,-,0
普金会,2015/7/22,-,0
鲁发财富,2015/9/21,-,0
HelloMoney,2014/9/1,-,2.1
正臣财富,2015/5/8,-,0
宏东资本,2013/12/6,8.00%,3.9
惠金所,2015/4/2,-,3.1
金福猫,2015/7/8,-,4.3
苏中贷,2014/5/6,-,0
文宝保,2015/2/10,-,4
华闽理财,2018/3/5,-,0
粤财通,2015/12/7,-,0
财富加油站,2013/12/28,8.00%,3.2
贷信通,2014/5/8,11.00%,0
加油宝,2014/8/15,-,4.3
日日进,2016/6/28,-,0
电商贷,2014/8/6,11.00%,4.1
程力・善建网,2015/8/20,-,3.9
莫愁信融,2015/9/19,-,0
神享贷,2013/7/18,-,1
再金所,2016/1/6,-,3.6
金贝增,2015/1/21,-,4.8
厚本金融,2015/5/1,10.80%,3.9
京圆柚理财,2015/12/1,8.80%,3.9
钱帮主,2014/10/23,-,3.6
加号财富,2014/11/24,-,0
聚钱贯,2013/11/15,-,0
农哈哈,2014/9/10,-,0
耀车贷,2016/1/6,-,0
首信创投,2014/12/29,-,0
宁安贷,2014/3/31,-,0
宜信惠民,2016/7/19,-,3
专投汇,2014/7/8,-,0
华赢宝,2015/10/13,-,3.3
1+1理财网,2014/10/21,-,2.4
牛,2015/3/18,-,0
麦芽金服,2016/2/17,-,2.3
信茂财富,2015/1/23,-,0
家家盈,2016/5/18,7.00%,3
有色金融,2015/11/18,-,0
中民i投,2015/3/17,4.80%,0
财富58,2015/8/21,-,3.8
千林贷,2014/11/3,11.60%,4.1
龙票在线,2014/6/16,-,0
今来银网,2016/4/14,-,0
钱100,2015/7/1,-,1.8
恒大金服,2016/3/17,7.20%,2.5
源金所,2015/5/4,-,0
借贷宝,2015/6/22,-,4.4
赣商贷,2014/2/19,16.50%,3.8
涨呗,2015/8/19,-,0
东方贷,2014/10/22,-,0
尼尊财富,2015/10/29,-,0
点点财富,2014/3/3,13.20%,2.8
弘信宝,2015/9/30,-,0
融易创投,2015/1/29,-,0
惠农时贷,2014/3/7,10.00%,4.5
投一投,2015/2/1,-,3
前金服,2015/1/12,-,0
生钱袋,2015/10/14,-,3.1
晶行财富,2015/3/26,-,0
创投汇,2012/7/16,-,3.3
寓锡金服,2015/5/29,-,4.1
浙里投,2014/5/23,-,4
瑞信富盈,2014/7/16,-,3.9
徽商贷,2013/8/8,14.70%,2.5
宝来金融,2016/4/6,-,0
中通财富宝,2016/5/11,-,4.3
中普金服,2015/5/1,-,2.9
置上金融,2015/8/6,-,2.8
前海银管家,2016/4/6,-,4.4
9金服,2016/5/26,-,3
医界贷,2014/1/1,-,3.4
新合作金融,2015/3/12,7.00%,3.1
富疆财富,2015/4/28,-,0
跃龙财富,2015/1/7,-,4.2
i零花钱,2014/3/5,-,3
活琪王,2015/9/14,-,3.4
亚租所,2015/3/24,-,0
广裕贷,2014/8/12,16.20%,3
94bank,2013/11/12,-,2.9
建融贷,2014/8/1,-,0
向前金服,2017/6/5,-,4.3
普惠贷,2013/7/19,-,0
海金仓,2014/9/1,-,3.6
盈在线,2015/7/19,-,0
新常态金服,2015/3/10,-,3.6
星投资,2014/3/19,11.00%,4
律信智投,2015/6/18,-,0
生金所,2013/5/5,12.00%,3.9
万贝贷,2014/6/10,11.00%,3.3
金源贷,2014/5/7,11.50%,3.2
利融网,2013/12/6,11.80%,4.5
温易贷,2014/10/26,14.30%,0
浙昌贷,2014/3/11,11.50%,0
简单理财网,2014/1/4,8.50%,3
车贷宝,2015/12/1,13.00%,4
加法口袋,2016/7/8,-,4.4
金陵e贷,2013/11/20,10.20%,3.5
佰易贷,2012/12/6,11.70%,2.9
多宝库,2016/6/16,-,3.3
汇贷天下,2014/3/26,12.60%,4.2
周转贷,2014/8/15,13.80%,4.5
苏州钱袋,2015/1/8,-,0
益田理财,2016/2/4,-,0
天下汇通,2015/5/18,-,4.8
浙商e贷,2012/10/20,10.10%,3.3
好贷宝,2014/9/1,-,3.3
挖财,2015/10/10,-,3.1
羊宝宝,2017/5/15,-,3
米粒儿金融,2015/9/10,-,3.8
碧有信,2016/6/7,-,3.4
乐钱,2014/4/18,9.30%,4.6
创融在线,2013/11/8,13.60%,2.8
车e贷,2015/6/1,-,1.5
中天易贷,2014/3/28,9.50%,3.5
钱美美,2016/7/15,-,4.8
天盛财富,2016/2/25,-,3.5
普惠在线,2014/7/31,-,3.8
联豪创投,2014/2/17,10.00%,3.6
微品金融,2015/6/30,-,3.3
友投友贷,2013/11/29,-,3.9
真金服,2014/8/10,-,4.3
大盈家,2016/10/30,-,0
前金所,2013/9/1,11.50%,3.3
财神爷爷,2015/7/24,8.90%,3.7
顺顺贷,2014/6/20,13.00%,4.1
库天下,2014/8/4,10.00%,4.3
第一理财,2014/12/27,11.00%,3.5
邦融汇,2015/2/11,-,3.4
好房理财网,2015/9/20,-,1
红杉资产,2016/6/1,-,4.7
融投贷,2014/4/28,-,2.8
聪明钱,2017/3/22,-,3.3
五福贷,2016/2/26,9.00%,4.4
熊猫金库,2016/2/15,-,3.1
一点成圆,2015/8/20,-,4
易金融,2015/9/18,7.00%,0
奔宝贷,2014/9/15,13.00%,3.3
银多网,2014/9/4,10.90%,4
孚金所,2016/5/1,-,4.9
点金石,2016/9/30,-,3.8
e贝宝,2011/8/30,10.00%,0
禹顺贷,2015/7/31,-,0
联合贷,2014/3/12,15.00%,0
魔房宝,2015/10/13,-,4.2
空中金融,2016/8/14,-,4.1
众筹宝,2014/11/3,-,3.8
百合贷,2014/8/15,10.00%,3.9
鹰眼理财,2016/6/18,8.10%,3.5
天恩世诚,2015/10/1,10.00%,3.6
小康资本,2015/6/10,-,4.5
爱达财富,2014/9/15,10.00%,3.7
鑫天下财富,2014/4/30,9.60%,4.3
51如易贷,2014/4/16,18.00%,3
微信贷,2014/4/28,12.00%,2.4
海银会,2015/8/22,7.50%,3.5
融益盈,2014/3/13,10.00%,3.3
易宝金融,2014/4/19,-,3.5
乐投贷,2013/10/18,17.00%,3.7
多乐融,2016/5/4,8.80%,2.6
赢众投,2016/1/18,10.00%,4.3
民蕴财富,2014/3/7,-,4.9
西部财富,2015/7/1,-,0
中盈贷,2014/6/25,14.60%,2
网信普惠,2013/7/12,10.00%,3.1
钱功夫,2016/7/11,-,4.5
秒针理财,2017/7/7,-,3.8
云回通宝,2015/8/25,15.00%,3.9
速时代,2016/6/16,-,4.7
融洽财富,2015/10/19,13.20%,4
财猫网,2013/4/25,11.20%,3.1
有余金服,2016/7/1,12.00%,4.3
魔卡金服,2015/8/21,12.60%,4.5
众金所,2013/11/18,11.80%,4.6
小生菜,2016/12/23,-,3
雪山贷,2013/3/1,10.80%,4
七点金服,2015/11/25,-,4.4
微E贷,2013/8/8,10.50%,4.4
1+1贷,2015/4/19,6.50%,2.9
民生易贷,2014/7/15,-,2.6
我家贷,2014/10/1,8.50%,2.8
会富金服,2015/6/23,-,0
微金客,2014/8/9,10.00%,3.6
恒普金融,2015/7/9,-,0
宜投通,2014/3/26,11.00%,3.7
你我金融,2014/10/18,-,4.1
钢票网,2017/2/23,-,3.9
皖都金融,2013/8/18,12.80%,3.4
平安理财网,2014/9/19,12.00%,2.8
码头益,2014/3/19,8.00%,4.3
物金所,2014/11/15,10.50%,3.5
无界财富,2014/12/12,-,4.3
连连赚,2015/3/18,11.80%,0
钱生花,2013/12/28,-,2.6
荣通宝,2016/1/1,8.00%,4.5
湖湘财富,2013/11/6,10.00%,4.5
普点金服,2014/9/21,11.50%,3.5
汇投网,2014/6/3,8.70%,3.5
信通袋,2014/7/20,10.30%,4.5
网金社,2015/6/24,-,4.3
奶牛计划,2015/11/18,10.00%,3.3
快钱,2004/4/29,-,3.5
贴身贷,2016/3/1,9.70%,0
方泽金服,2014/10/13,10.60%,4.6
正事贷,2016/6/15,-,3
翰金所,2015/3/14,-,3.5
新空间财富,2015/12/1,15.60%,3.7
红金所,2015/5/11,8.50%,1.5
骏合金信,2014/6/17,10.20%,1.4
桔子理财,2014/7/8,10.00%,3.2
山西众创金融,2016/5/1,-,0
贷贷通,2014/7/29,10.00%,3.6
迈信金融,2014/7/12,9.00%,3.7
惠富天下,2014/3/29,9.60%,4.6
方橙式,2013/12/26,11.00%,3.7
威阳普惠,2016/8/1,9.00%,4.8
分秒金融,2016/12/12,-,2.5
宏金所,2016/2/29,-,0
花虾金融,2015/10/19,10.20%,3.6
广翼贷,2015/8/14,8.00%,3.2
徽盐金融,2015/4/28,8.50%,3.3
有人贷,2013/9/26,8.40%,2.9
真鑫贷,2013/8/18,11.40%,4
鑫悦贷,2014/10/13,13.60%,4.3
国艺金服,2016/5/26,-,0
红狐理财,2015/6/19,-,4.3
拾财贷,2014/2/14,9.00%,3.6
mM贷,2015/1/8,10.00%,4.3
北方贷,2013/12/8,-,3.3
隆隆网,2014/8/15,11.00%,2.8
华金在线,2016/9/9,-,1
淘金家,2014/9/26,10.00%,3.5
召宝贷,2015/6/18,8.00%,2.9
盈盈理财,2014/3/24,9.20%,3.8
1119贷,2014/3/29,14.90%,3.7
宏财网,2014/12/15,-,0
中科财富,2016/1/18,-,4.3
民生转赚,2014/12/1,7.50%,3.4
集财,2015/7/1,-,3.5
7号管家,2017/1/1,-,0
兴易贷,2015/12/28,-,3.9
普金资本,2016/9/9,10.00%,0
泰山金融,2015/1/8,8.70%,2.3
平联贷,2014/12/26,9.00%,3.4
宇商有财,2016/3/18,8.00%,3.5
久金所,2015/8/30,11.00%,4.5
贵人贷,2015/10/21,-,4.5
财神在线（渝）,2014/5/16,8.70%,3.9
冰融贷,2014/12/8,25.00%,3.4
中鑫金服,2014/8/20,10.70%,2.8
锦绣钱程,2014/12/20,9.00%,3.3
诺帮友信,2013/9/24,9.80%,4
向日葵金融,2016/3/1,8.00%,0
妈妈资本,2015/2/28,9.60%,0
日益网,2013/3/4,11.00%,3.7
蜂鸟金融,2016/2/1,-,1.5
大数云融,2014/6/10,10.00%,4.1
海鹭金服,2016/10/10,13.00%,3.9
紫马财行,2015/2/15,7.50%,3.7
天玑汇富,2014/10/24,12.90%,3.9
华夏信财,2016/4/19,-,4.6
平太金服,2016/7/23,9.40%,4.5
币丰所,2015/4/18,10.80%,3.8
铭泽创投,2017/4/12,-,3.5
融易投,2013/5/9,11.70%,3.2
中金国泰,2015/7/1,9.30%,2.8
能投资,2014/8/3,10.50%,4.4
贷贷网,2013/8/19,14.20%,1.2
新华金典,2015/6/30,10.00%,4.2
贷未来,2014/7/9,11.00%,2.6
维金荟,2015/5/20,11.00%,4.5
小富金融,2014/5/8,11.90%,2.4
小微易贷,2014/2/12,15.50%,3.9
丰投网,2014/12/1,8.90%,3.9
优先贷,2013/10/7,11.50%,0
贷帮,2009/9/5,12.40%,2.3
赶贷网,2015/3/3,9.40%,4.4
饭饭金服,2016/5/18,-,3.3
海金所,2015/3/10,10.00%,3.3
核新产融,2016/8/15,10.00%,3.1
见大金服,2017/2/7,-,4.4
民富宝,2017/6/19,-,3.5
赢贝金融,2015/12/8,-,4.7
金保创投,2017/4/11,-,2.1
公众理财,2016/12/7,-,3.6
两只老虎,2014/7/7,15.00%,3.7
阿拉丁金服,2016/4/5,-,4.1
汇创金融,2016/5/6,-,3.9
安心de利,2014/7/31,7.50%,3.6
58爱贷,2016/3/10,12.50%,3.1
投米网,2014/5/29,8.40%,2.4
龙驹财行,2016/7/18,9.80%,4.2
鼠贷金融,2015/6/18,12.00%,4.1
小鹰金服,2015/10/1,9.00%,0
58红利,2014/12/20,8.60%,3.8
国商易贷,2016/9/7,10.00%,4.6
互惠金服,2015/8/1,12.30%,4
有米贷,2015/2/15,13.00%,4.3
电网金融,2015/12/28,11.50%,2.9
新安左右贷,2014/7/1,10.00%,3.7
钱庄网,2014/6/30,8.50%,1.6
鼎有财,2015/9/24,8.00%,3.2
非常有财,2015/8/28,9.00%,4.7
海象理财,2015/3/23,8.00%,4.6
去投网,2014/6/16,11.00%,3.8
钱一百,2014/7/1,9.30%,2.7
百思贷,2016/5/18,-,3.3
红顶金融,2014/12/20,9.80%,4.2
8号金融,2016/8/18,15.00%,2.9
牛娃互联网金融,2015/5/1,10.70%,3.8
宝筹贷,2014/6/28,10.00%,3.5
皖乾商贷,2015/3/9,14.20%,3.4
长盈金融,2015/4/10,11.70%,3
鑫钱袋,2015/12/7,-,3.8
恒利网,2014/8/6,14.00%,3
芝麻宝金服,2016/3/18,-,4.2
亿信天合,2014/8/1,8.60%,3.1
易BANK,2015/3/31,8.50%,3.9
融托金融,2014/4/6,-,0
正勤金融,2014/9/1,9.50%,3.4
普邦金控,2015/6/3,-,1
美联投,2016/4/8,-,0
瑞银创投,2011/8/25,9.00%,2.5
爱财有道,2015/6/9,9.00%,4.1
龙贷,2014/4/25,10.20%,4
贷投乐,2015/11/11,-,3.5
旺财狗,2016/5/6,13.00%,3.8
中房创投,2016/3/18,9.30%,4.6
信和大金融,2014/4/25,8.20%,3.6
甬利财富,2014/9/15,18.00%,1
德银在线,2016/3/1,-,1.8
彩云金融,2014/8/29,15.00%,3.7
众利网,2014/5/19,10.00%,3.5
科融贷,2015/1/13,8.80%,4.3
沪臣地方金融,2014/1/8,11.30%,3.8
融众网,2014/6/18,10.20%,4
安全投,2015/2/16,9.00%,2.5
蜀丰财富,2014/12/1,10.00%,4.3
保澜贷,2015/3/9,12.00%,3.7
弘安在线,2015/10/15,-,0
多维度,2015/9/1,9.00%,4.7
冰川财富,2015/6/15,9.60%,4
知屋理财,2015/5/25,-,4.5
车投网,2015/6/11,-,3.9
车行金服,2017/6/23,18.40%,3.9
易捷贷,2014/9/10,6.00%,3.6
津融所,2015/3/4,18.00%,2.9
亚联财富,2016/7/12,14.40%,0
萤光金服,2016/7/28,8.00%,0
双赐蹲,2015/9/15,-,4.5
知麻开门,2015/3/18,-,3.3
辉金投,2014/9/24,11.00%,4.2
外快理财,2016/1/11,-,3.8
工艺通,2014/10/3,10.20%,0
一桶金,2015/4/15,8.50%,3.8
金陵贷,2013/11/12,11.00%,3.6
鲁班贷,2014/6/16,14.00%,1.3
京东金融,2014/3/27,6.50%,2.9
元立方金服,2015/3/5,8.00%,0
东方犹太,2016/7/20,-,3.6
益投网贷,2014/1/10,19.00%,3.3
共信赢,2014/3/17,-,3.3
雪莲借贷,2014/9/10,11.50%,3.8
大雁金服,2015/12/25,8.20%,4
小资钱包,2015/8/8,12.00%,4.6
律金金融,2014/7/24,-,3.7
聚宝珠,2016/5/8,10.00%,3.5
币港湾,2015/3/18,-,4.2
易九金融,2013/11/25,-,3.3
郑投网,2015/12/4,12.00%,4.4
金福财富,2015/5/18,15.60%,3.6
钱诚理财,2013/2/4,-,3.8
海金汇,2016/7/12,-,3.6
花生米富,2016/7/28,14.60%,3.9
爱米理财,2015/10/9,9.80%,3.1
巴巴汇,2015/7/6,-,3.2
金佳金融,2015/8/8,-,2.9
帮客普惠,2015/1/9,9.80%,3.7
华赢贷,2015/4/15,12.00%,4.5
油鱼金服,2016/9/6,-,0
富勤金融,2016/1/8,10.00%,3.8
投促金融,2014/11/13,14.00%,3.9
时发金融,2017/3/1,15.60%,3.8
星月创投,2014/1/16,13.20%,4
掌盈金服,2016/8/3,-,4.3
共赢金融,2015/10/1,-,4.4
安捷财富,2014/7/1,12.10%,3.8
有财哦,2017/5/2,-,1.5
合伙人金融,2015/4/15,11.60%,3.8
微车融,2014/10/10,14.40%,3.5
车聚宝,2015/7/8,-,2.9
盛世开元,2014/12/1,12.00%,4.1
钱涌金服,2015/9/21,9.00%,3.5
E融车贷,2015/4/24,10.00%,4
憨豆金服,2013/3/6,12.00%,0
慧融财富,2014/11/28,10.10%,4.3
海贷金服,2016/3/18,13.80%,0
懒投资,2014/9/18,10.00%,3.8
信投在线,2014/10/20,11.40%,3.8
创绩宝,2015/1/28,10.80%,3
天壕普惠,2014/7/3,10.00%,4.3
金二代,2014/11/18,9.80%,1
金米袋,2015/1/1,-,3.5
海投金融,2014/8/1,-,3.8
葫芦金融,2014/12/26,-,3.5
百利市,2015/4/16,8.00%,3.3
投呗,2013/9/9,9.40%,4.5
商赢金服,2016/9/18,7.80%,3.8
银谷在线,2016/7/15,12.70%,4
泰山宝,2014/9/29,10.40%,4
元泰金服,2016/4/6,8.50%,3.7
轩辕财富,2015/3/29,10.30%,0
科瑞财富,2015/11/24,8.00%,0
海豚金服,2015/5/20,9.00%,4.1
点钦易贷,2014/12/25,-,3.3
懒人投资,2014/7/15,-,3.5
亦融在线,2015/1/20,11.50%,3.3
诺云汇,2015/2/11,7.60%,4.3
日日昌,2014/12/14,7.00%,3.9
金投会,2014/10/10,9.60%,4.7
联投银帮,2015/11/10,14.00%,3.8
天龙财富,2014/5/1,11.00%,3.3
聚雪球,2015/6/12,-,3.9
安润金融,2014/5/8,10.80%,4
建安金融,2014/11/18,7.50%,4
滇金所,2015/4/24,7.90%,0
苏诚金融,2014/4/1,14.00%,4.7
岩鑫贷,2016/5/1,14.00%,4
财富未来,2016/7/15,-,3
悠米钱包,2015/9/1,-,3.8
银强金融,2016/7/19,10.00%,4.1
旺财小强,2015/8/14,9.50%,3.8
海享贷,2015/4/28,-,4.2
天涯好收益,2014/4/23,12.40%,2.8
高新普惠,2015/4/20,-,3.9
存金牛,2016/9/9,9.50%,2.8
籽微贷,2017/4/9,-,3.3
龙金中心,2015/10/10,7.20%,4.5
笨小孩理财,2014/12/31,11.00%,3.9
秒贷金融,2015/3/2,7.70%,4.2
信客网,2013/8/1,16.80%,4
人文贷,2014/1/23,14.30%,4.5
众力金融,2015/11/30,11.50%,4.3
51钱管家,2015/11/4,10.00%,3.2
皓添金融,2015/6/15,12.00%,4.5
虔诚猫金服,2016/5/16,-,4.1
泰然金融,2014/8/22,14.40%,4.4
众易贷,2014/10/14,15.00%,3.8
银信私人财行,2016/7/1,-,4.7
蚂蚁宜票,2015/12/12,8.70%,3
雍和金融,2014/6/12,10.80%,4.3
财小喵,2014/9/19,9.70%,3.8
虎融宝,2016/8/8,11.40%,4.1
信融投,2014/6/25,13.50%,3.1
四季财富,2017/4/12,-,2.8
汇泰在线,2016/4/20,-,4.5
奇子向钱,2015/12/15,-,4.3
稳盈宝,2013/8/14,-,3.6
合家金融,2014/10/31,-,3.8
闲钱宝,2014/1/15,11.00%,4.1
汉沃财富,2015/1/15,14.80%,3.9
铂恒金服,2016/12/7,7.50%,1.8
小算盘金服,2014/10/27,12.00%,4.5
倍多金,2015/3/15,11.00%,3.7
易多财富,2014/8/8,10.80%,4.4
信投宝,2014/10/27,11.00%,3.5
叠尚财富,2017/3/31,-,4.3
百长钱包,2015/7/15,9.40%,3.2
微时资本,2015/7/20,9.00%,0
冠腾投资,2015/5/21,14.10%,4.8
闽投网,2015/5/5,11.00%,3.2
城铁在融,2015/5/18,14.40%,4.2
阳光黔贷,2015/11/27,8.00%,4.2
国金社,2016/10/20,-,0
稳易金融,2015/4/1,11.50%,3.4
车邦贷(浙),2015/11/27,14.30%,3.4
知合金服,2017/5/8,10.00%,4.3
银程金服,2017/6/20,-,4.2
好时代（京）,2014/12/1,9.40%,0
OK贷,2014/12/21,12.40%,3.6
178网贷,2015/1/28,14.70%,2.9
柘家贷,2014/8/11,24.00%,4
油融网,2016/5/6,11.00%,4.8
全通贷,2015/2/9,9.50%,0
贷财行,2015/11/13,10.00%,3.9
易路易贷,2015/10/16,12.00%,0
乐贷网,2014/11/18,8.40%,3.6
梧桐理财,2014/3/1,-,4
木头人,2014/9/26,9.80%,4.9
袋鼠贷,2014/12/8,10.50%,3.4
铜钱贯,2016/12/1,9.50%,4.4
宜泉资本,2016/7/15,-,2.9
京贷金服,2013/12/28,-,3.6
易金智慧,2014/8/11,8.70%,4.5
红包贷,2016/5/25,8.30%,3.6
欧克普惠,2015/8/5,15.30%,4
介贷网,2014/8/1,18.00%,3.9
钱小串,2016/5/4,10.00%,3.8
聚爱财,2015/5/15,-,4.5
天顺金服,2017/4/6,10.20%,2.8
交金服,2017/7/12,11.50%,4.5
悦融庄,2015/9/1,-,4.1
贷你盈,2015/1/25,10.00%,2.1
筷来财,2015/9/1,9.90%,3.9
世联集金,2015/3/16,-,0
倍赢金融,2014/9/29,10.50%,3.8
实在贷,2014/8/15,10.70%,3
泛湾天域,2015/4/26,14.30%,0
利往行,2015/2/1,12.00%,3.5
睿信财富,2014/9/10,12.30%,4.2
禾泰财富,2013/12/3,10.10%,3.4
隆筹金融,2015/2/14,12.00%,4
哲通金融,2017/5/3,7.50%,4.3
国金所,2014/11/17,-,2.7
万家兄弟,2013/3/15,11.50%,3.4
贷贷兴隆,2014/1/6,7.00%,3.3
珠宝平安贷,2015/7/9,11.00%,4
1818优本财富,2014/9/18,13.00%,3.4
金小岗,2016/3/18,-,2.8
西域财富,2014/11/15,11.20%,3.7
财富N次方,2014/12/15,-,2.3
丰汇金融,2015/2/5,10.60%,3.5
易极贷,2015/8/17,12.00%,0
好麦金融,2016/8/8,14.90%,3.5
京储街,2015/11/11,-,3.9
助商金服,2014/11/12,12.70%,3.5
欧亚金融,2015/8/6,11.00%,3.7
金融湾,2013/10/11,11.00%,3.8
瑞泽会,2017/6/11,-,3.6
合富金融,2015/8/29,7.60%,0
白银巷子,2015/5/13,11.80%,3.5
牛牛bank,2014/9/28,7.50%,3.9
长吉贷,2016/2/19,9.10%,3.3
新富金融,2014/4/15,7.40%,4.4
千壹,2015/5/28,11.60%,3.9
莆商贷,2016/6/22,13.50%,4.4
甲壳虫金融,2016/4/27,10.70%,4.6
普惠理财,2014/10/9,8.10%,3.1
一贷一路,2016/10/9,10.00%,3.8
爱健康金融,2015/5/28,-,2.9
鑫融贷,2015/6/2,10.20%,4.8
钱转赚,2015/9/15,9.00%,3.7
如意财富,2015/2/6,13.00%,4.3
国元网金,2015/11/23,7.10%,4.4
三好贷,2014/7/1,12.00%,4
富创在线,2015/4/23,8.00%,4
融诺微贷,2015/5/1,11.00%,4
1688易贷,2013/10/5,10.00%,3.2
贝通网,2015/4/2,-,1
建工E贷,2014/12/3,11.70%,3.3
小钱贷,2015/7/1,11.70%,3.9
安家贷,2014/12/5,8.50%,3.2
便利贷,2014/12/30,8.40%,3.6
利好贷,2014/1/8,13.60%,3.9
普惠金融（皖）,2016/6/18,8.70%,3.6
云钱袋,2014/6/17,7.80%,3.4
班汇通,2014/11/9,12.30%,3.8
央金所,2016/6/15,8.00%,3.7
乾元金票据,2015/4/1,7.50%,2.1
博盛金融,2017/3/8,-,3.9
湛卢宝,2015/4/15,13.00%,4.2
产融贷,2015/1/15,13.80%,4.1
易投资,2016/2/1,-,4
鲁金所,2015/9/1,8.90%,4.4
蚂米金服,2016/7/28,7.30%,3.8
宜民贷,2015/12/7,10.00%,1.8
爱鸿森,2014/5/18,8.10%,3.8
爱本地金服,2015/6/1,10.70%,3.4
红利圈,2015/12/9,9.00%,4
铭捷金服,2016/12/27,7.40%,3.2
和云筹,2014/12/16,8.00%,4.1
新融网,2014/1/24,13.40%,3
金柜贷,2014/10/9,9.20%,4.6
手贷网,2016/3/18,12.50%,0
保尔金,2015/5/27,-,3.3
钱布袋,2015/5/1,12.20%,3.5
九坤贷,2015/2/2,10.50%,3.6
文创汇,2014/10/9,9.00%,4
德成贷,2014/12/8,9.00%,4
能成财富,2015/7/13,10.00%,3.8
立马贷,2015/11/23,9.40%,3.7
点银网,2015/3/16,-,1
天府财富,2015/1/30,7.00%,4
通宝金服,2015/10/20,11.00%,4.9
木牛流马金融,2015/12/6,10.00%,3.6
中信实力,2014/7/1,10.00%,0
多了口贷,2015/3/25,13.20%,3.5
一秒贷,2016/3/9,9.60%,3.5
轻松易贷,2015/7/25,12.80%,4
酒掌柜,2016/5/7,8.00%,4.4
小猪罐子,2014/8/15,13.60%,3.2
恒富在线,2014/7/1,12.50%,3.8
缘天金服,2015/12/30,11.00%,3.2
美美金融,2015/9/15,10.00%,2.9
万富宝,2015/5/4,8.50%,4.4
白菜金融,2015/12/1,9.10%,3.7
1号钱庄,2014/8/31,10.70%,3.4
铜方圆,2015/4/8,10.30%,3.6
利聚网,2014/11/27,13.80%,3.5
蚂蚁打的,2015/5/30,11.00%,4
国融贷,2017/2/13,-,3.9
多啦聚财,2014/12/17,9.00%,4.4
摩根浦捷贷,2015/9/7,18.00%,1
财优优,2017/5/18,-,2
迪迪贷,2014/11/11,15.00%,4.8
小微财行,2016/3/15,8.00%,3.6
润业金融,2015/6/7,11.40%,4.7
果拾金融,2017/3/2,7.30%,1.7
握握金服,2014/6/14,14.00%,2.3
孺牛金服,2016/2/18,-,3.3
赢贷通,2014/10/18,14.00%,4.6
哈哈贷,2011/7/21,-,3.8
钱鼓鼓,2015/12/18,11.00%,4
分利宝,2015/9/15,-,4.6
惠黎金融,2015/8/31,10.90%,3.7
小马金融,2015/3/13,8.00%,3.7
懒财网贷,2014/5/2,7.10%,3.6
壹禾贷,2015/8/15,10.50%,3.8
小小理财,2015/7/7,12.00%,4.3
聚车金融,2015/1/15,10.90%,4.1
智联财富,2015/2/3,14.00%,3.9
小猪生财,2016/5/9,-,3.7
余盆,2015/7/3,8.00%,4.3
新金所,2014/10/2,13.00%,3.9
普惠家,2015/9/29,10.00%,4.1
小贷吧,2015/5/28,12.00%,3.9
爱木财富,2016/8/18,-,3.8
沃要投,2015/4/1,10.20%,4.6
鄂汇金融,2014/3/10,12.50%,4.1
票据宝,2014/6/16,-,3.1
亿钱贷,2014/10/15,15.00%,3.6
华镇金服,2016/8/17,-,3.9
琥珀金服,2016/5/2,-,3.9
聚力金服网,2015/10/16,10.00%,2.9
前海红筹,2015/2/11,10.00%,3.9
老账房,2014/9/5,10.00%,3.9
福银票号,2014/11/19,6.90%,3.6
合汇贷,2015/3/21,8.20%,4.1
智佳金服,2016/4/20,11.30%,4.1
知财网,2014/6/26,15.70%,3.4
吉鑫贷,2014/12/15,9.00%,4.7
财富500,2014/11/26,18.00%,3
智融会,2013/11/25,12.20%,3
哆利猫,2016/8/12,-,2.6
看看钱包,2015/6/19,10.00%,4.4
货融贷,2016/1/5,-,3.5
淘金汇,2016/6/12,11.60%,4.8
集利财富,2013/8/28,9.10%,3.6
金财动力,2015/7/10,9.80%,3
惠恩资本,2015/11/15,11.20%,4.7
微拍贷,2015/7/1,11.00%,3.6
御龙e贷,2015/12/28,11.00%,4.4
星鑫宝,2016/1/18,9.80%,3.5
乐助贷,2015/6/27,-,4.1
改革牛,2016/10/21,11.00%,0
米e宝,2015/12/1,-,4.3
网筹金融,2014/7/30,7.70%,4
领创金服,2016/4/28,6.60%,4
小壹在线,2016/11/1,-,3
众禧贷,2015/8/8,-,4.4
得易金服,2014/10/11,8.50%,3.7
财小主,2016/9/1,12.80%,3.5
百善金饭碗,2015/10/16,-,3.4
中储贷,2015/4/15,12.90%,4.1
鑫聚财,2015/3/18,9.70%,4.3
微镑客,2014/11/28,-,3.9
智富贷,2015/3/20,9.00%,3.2
蓝色金服,2015/11/20,11.50%,4.1
融商贷,2015/3/18,15.00%,4
牛牛理财,2015/1/6,10.00%,1.8
五岳贷,2014/12/22,18.00%,4.5
民贷网,2014/12/10,11.50%,4.1
为为贷,2014/12/24,10.80%,4.3
南瓜马车,2015/6/1,8.90%,0
橙天金融,2014/11/25,10.80%,3.9
互助金服,2014/11/7,15.00%,4.2
贵州网贷,2015/8/18,14.50%,3.9
金砖联合,2014/9/19,12.00%,3
点滴金融,2015/4/13,10.80%,3.9
宁翌直通车,2017/5/2,-,3.5
人人融,2014/7/13,9.30%,3.1
吉财猫,2014/8/14,12.00%,3.8
千金e诺,2014/3/12,9.00%,3.5
智投贷,2015/1/7,10.00%,3.2
光华财缘网,2014/10/11,13.00%,4.1
德鸿普惠,2015/4/3,7.70%,3.9
金晟创投,2017/9/18,15.30%,4
亿亿理财,2016/1/1,9.20%,4.5
中贝金融,2014/12/31,13.50%,4.4
峰向标,2016/5/23,9.00%,4.4
晴天助,2016/7/28,12.20%,4.1
金融街在线,2015/9/30,7.50%,3.9
生隆金服,2014/12/29,11.00%,3.9
壹宝贷,2014/6/25,11.00%,4.1
满兜理财,2015/8/5,10.00%,4.1
玉米理财,2016/9/11,-,3.9
艺点理财,2015/11/17,12.80%,3
捷创贷,2014/9/24,10.00%,0
世纪金服,2014/8/19,12.00%,4.6
钱富通,2014/7/8,18.00%,3.9
百融网,2014/8/7,13.70%,3.9
小袋理财,2015/2/4,9.30%,2.8
神仙有财,2016/1/13,-,3.3
钱趣多,2015/1/8,8.50%,3.7
安心投,2015/7/16,8.40%,3.6
赢盈在线,2016/7/7,9.30%,3.8
金易融,2014/9/10,11.70%,4.1
精融汇,2015/5/28,8.00%,3.6
人人惠信,2014/11/11,9.00%,2.8
司库金服,2015/2/16,10.00%,0
8戒有财,2015/4/2,10.20%,3.2
稳赚宝,2015/3/23,-,3.9
丰收贷,2013/9/8,10.20%,3.8
微金在线,2014/3/26,13.60%,4
糖果金融,2014/12/31,10.00%,4.4
甜菜金融,2015/2/1,8.50%,3.7
和万贷,2016/3/12,11.00%,4.4
快快贷,2014/6/10,9.20%,3.8
超有利,2015/11/26,-,4.3
东方车贷,2015/3/24,13.00%,4.6
久信金服,2012/9/7,10.00%,3.3
金瑞龙,2014/11/18,10.00%,3.2
融客网,2015/7/1,-,4.2
八斗金服,2016/7/1,-,2.5
农钱庄,2014/10/12,11.00%,4.2
点石金融,2015/8/6,-,4.1
金花顺,2015/10/23,10.00%,3.3
私房钱,2014/9/17,13.00%,3.3
融益汇,2014/12/28,9.00%,4.4
万元富,2016/5/18,9.20%,4
三益宝,2014/12/3,11.90%,4.4
来融金服,2015/5/13,10.80%,3.9
中南金服,2015/8/18,13.00%,3.8
信贷通,2015/4/9,12.10%,3.8
果儿金融,2015/6/16,9.10%,4.6
丝路金服,2015/11/11,11.00%,4.3
隆发金融,2015/8/16,11.00%,4
微镇,2015/4/11,12.40%,4.2
有喜财富,2016/3/25,10.20%,4.1
企额贷,2014/10/27,12.10%,4.2
时间价值,2014/5/19,-,4.5
恩科e贷,2016/6/25,8.40%,3.4
树懒理财,2014/12/24,12.00%,4.3
派派猪理财,2015/2/12,7.30%,3.9
城满财富,2016/1/28,-,3.5
中融钱邦,2015/8/8,9.80%,4.4
德晟金服,2015/9/23,-,3
农信商贷,2015/5/5,9.10%,4.1
欣欣贷,2014/6/5,9.00%,3.5
鑫贷天下,2015/3/11,9.90%,3.2
易利贷,2014/1/7,11.00%,2.7
汇商所,2014/10/30,9.00%,3.7
理财去,2015/9/1,11.00%,0
诚成贷,2015/1/9,8.00%,3.5
华侨宝,2015/8/8,-,3.7
网汇贷,2014/10/9,10.00%,4.2
瑞达金服,2015/4/9,11.80%,0
快点理财,2015/5/11,11.00%,3.7
余易贷,2014/10/20,12.00%,3.6
方元金服,2014/11/25,8.70%,3.6
乾包,2014/9/22,9.00%,3.3
嘉e贷,2015/9/9,-,2.2
叮咚钱包,2016/1/1,11.00%,3.8
步步盈,2014/7/10,8.60%,3.7
安宜投,2014/5/8,-,3.2
e兴金融,2015/4/3,10.40%,3.8
金融社,2015/6/12,-,0
多好贷（赣）,2015/5/11,-,4.5
金谷财行,2016/7/15,-,3.6
无忧车贷,2015/12/29,12.80%,4.4
普天贷,2013/5/27,13.20%,3.1
通通贷,2015/8/27,10.50%,3
满益网,2014/4/29,9.00%,5
中平金融,2016/3/28,6.90%,0
和缘融贷,2015/1/24,11.00%,3.6
丰利金服,2015/7/1,-,3.3
白杨金融,2017/5/9,-,3.6
天添钱,2014/12/11,-,3.3
爱上贷,2014/11/25,15.10%,3.6
金融眼,2015/7/23,-,3.7
共富网,2013/12/4,-,4.2
新华久久贷,2015/4/15,8.00%,4.8
大时贷,2014/4/22,14.40%,3.8
零用贷,2015/4/20,13.20%,3.7
紫金聚宝,2016/8/15,7.60%,2.6
心意贷,2014/8/8,11.00%,3.1
众车在线,2016/3/26,13.10%,4.3
信可贷,2015/4/1,9.50%,3.7
马甲袋,2016/5/31,-,3.8
彩麒麟,2015/4/8,10.60%,4.1
顺时针金融,2014/4/18,-,4
小微时贷,2015/1/1,11.70%,3.8
圆小财,2015/5/18,-,4.5
富利网,2015/6/1,10.50%,4.1
艺条龙金融,2016/3/14,11.00%,3.1
SH.COM,2014/6/3,-,3.8
沙小僧,2016/3/31,9.20%,3.2
豆芽金融,2014/11/5,14.00%,3.6
悦享金服,2016/2/3,8.60%,4.6
齐鑫金融,2015/5/18,8.00%,3.7
创客金融,2015/9/9,10.40%,4.3
浙财理财,2015/3/18,9.50%,2.9
中投摩根,2014/8/4,11.00%,2.8
壹心贷,2013/12/30,9.10%,4.5
融之家,2014/12/19,18.00%,3.4
众联财富,2014/12/15,18.00%,3.6
投复利,2014/12/29,30.00%,3.5
e资产,2016/4/20,13.40%,3.8
钱来也,2016/3/24,13.10%,4.3
寻贷网,2014/8/15,9.00%,0
亿信宝,2015/5/23,10.00%,1.7
吉乐车理财,2016/1/28,12.00%,4.7
申鼎互金,2016/3/31,12.00%,4.5
汉金所,2015/3/31,9.00%,3.9
长运网,2016/3/7,-,4.3
盈金所,2015/5/18,14.20%,3.4
稳通金融,2014/5/14,24.30%,2.9
徽金猫,2015/7/18,13.00%,4.2
黑马贷,2015/10/27,11.00%,3.2
易众网,2014/9/24,14.50%,3.4
金蛋理财,2015/1/19,-,3.5
淘收益,2014/11/11,-,3.7
襄金所,2015/10/12,8.60%,3.5
联鑫贷,2015/5/28,13.70%,3.9
有友金融,2015/2/1,8.80%,4.5
自由财富,2014/7/7,7.50%,3.5
木融宝,2016/10/13,11.60%,3
爱财在线,2014/11/8,11.00%,3.9
汇诚金服,2015/10/28,9.00%,4
冠e通,2015/7/1,8.80%,3.3
京都贷,2014/10/8,9.40%,4.3
小金瓜,2015/9/14,11.50%,3.4
融金桥,2015/1/8,10.00%,1.8
互融CLUB,2015/2/14,9.00%,3.5
梦想盈行,2015/2/1,9.30%,3.7
绿化贷,2015/4/28,13.30%,4.1
钱哆拉,2016/1/28,-,3.8
住银所,2015/3/23,-,4
乐升易贷,2015/4/21,12.00%,4.1
得融在线,2014/12/24,12.00%,4
我的金服,2016/3/7,-,4.4
百业贷,2016/3/1,8.50%,2.8
悦家金融,2016/3/1,-,3
中青金服,2015/9/1,-,3.4
壕金所,2015/11/23,10.00%,4.4
黔商贷,2015/4/8,11.00%,4
春雨金服,2016/8/1,11.50%,3.6
爱投投,2014/8/6,12.00%,3.1
凤凰金服,2015/12/12,7.20%,3.4
票据客,2014/9/13,8.00%,2.5
票金所,2014/8/28,-,3.4
爱康金服,2016/4/12,6.70%,3.2
万家贷,2015/5/18,9.80%,3.4
投理想,2015/5/18,-,4.3
爱投金融,2011/12/28,8.40%,4.5
e葱金融,2016/3/1,7.60%,3.8
即利网,2015/2/6,9.30%,4.4
富仁金融,2015/10/16,-,3.8
小狗钱钱,2015/8/21,8.90%,4.1
景云金融,2015/7/27,10.30%,4.1
佳兆业金服,2015/12/22,9.00%,3.7
光合种子,2015/7/1,8.20%,3.9
车财网,2015/10/19,14.60%,3.7
和合速融,2015/7/27,-,4.5
广电财富,2015/12/20,8.00%,3.6
共赢时贷,2015/2/13,10.50%,3.4
贵人柜,2015/4/1,11.00%,4
御财金融,2016/4/7,-,4.5
楚天财富网,2015/2/3,8.90%,2.9
融金交易,2014/11/15,14.00%,3.8
中恒宝,2014/10/20,12.00%,4
中金物联,2015/9/1,6.00%,4
北方金融网,2016/1/1,10.00%,2.6
新博贷,2015/1/8,11.70%,3.5
国民丰泰,2014/12/19,13.50%,3.7
房融界,2015/10/10,10.00%,4.3
吉爱财,2016/4/12,7.60%,3.5
星金所,2016/1/18,8.00%,3.5
旺财谷,2014/7/8,7.90%,4.2
倍倍利,2015/7/17,10.00%,3.1
前金融,2017/7/10,12.60%,3.8
金桥梁,2014/3/28,13.20%,3.1
恒瑞财富网,2014/11/24,13.50%,4.1
惠农聚宝,2015/8/5,9.80%,3.9
亿丰金融,2014/11/11,11.50%,4.2
优聚投,2014/12/24,10.80%,4.2
一休理财,2016/1/25,9.50%,3
全民共投,2014/7/8,10.80%,3.7
亲亲小贷,2014/4/15,14.00%,4.1
借贷之家,2014/11/30,10.20%,4.4
易e贷,2014/6/6,-,4
饭米粒理财,2015/12/1,10.50%,3.4
信融投资,2015/7/23,10.60%,4.2
鸿学金信,2014/9/20,11.20%,3.7
中再融,2016/3/23,8.90%,3.3
掌指理财,2015/6/18,9.50%,4.4
拓天速贷,2015/7/1,9.40%,3.5
隆金宝,2014/5/19,7.40%,3.4
大拇哥财富,2015/2/10,8.60%,2.6
互助贷,2014/8/6,9.00%,3.2
上融所,2016/2/22,9.00%,4.7
财富派 (京),2015/8/1,10.00%,3.6
浩森金融,2014/12/24,9.50%,3.4
U我金融,2015/8/18,11.00%,4.4
陇e贷,2015/4/20,6.90%,3.8
宝元贷,2015/7/13,11.50%,3.1
太空马,2016/7/18,8.00%,4.2
银子铺,2014/12/3,10.00%,3.2
新升贷,2015/4/1,12.00%,2.9
中潮金服,2015/12/28,14.10%,3.4
金钥匙网贷,2013/11/18,11.20%,4.1
e聚富,2015/5/18,10.80%,3.5
有盼投,2015/5/24,11.00%,4.6
乐投创富,2015/4/1,13.50%,4.1
新富创投,2014/11/18,10.80%,4.5
椰子理财,2015/12/15,8.00%,2.6
屹农金服,2014/9/5,9.60%,3.9
喔喔贷,2015/1/11,9.30%,4.6
中融通贷,2014/3/8,13.30%,4.1
君财金服,2016/8/5,9.50%,4.6
柏融投资,2015/5/28,11.00%,2.9
拼图金,2016/2/17,7.50%,4.1
527金融,2016/3/30,11.00%,3.2
800Banking,2015/6/15,9.00%,3.4
国信贷,2015/11/16,11.30%,2.8
极光金融,2016/3/12,12.00%,4.6
喜悦金融,2015/8/25,-,4.5
简易贷,2015/8/8,13.40%,4.2
便民投,2016/2/1,9.80%,3.2
诚汇通,2013/7/10,13.00%,4
协众金融,2016/2/29,13.00%,3.6
天财宝,2015/6/28,-,4.6
蜂涌理财,2015/7/13,11.50%,3.9
蜂融网,2015/5/20,13.20%,3.4
花生金服,2015/9/1,8.00%,3.8
海投汇,2015/6/1,9.50%,4.8
淘淘金,2014/10/21,8.00%,3.1
石榴壳,2015/1/8,9.90%,3.8
派财网,2015/4/19,7.50%,3.9
诚投在线,2015/2/10,15.00%,3.3
砖头网,2016/8/18,-,3.6
智富理财,2016/7/6,14.30%,0
融租E投,2014/9/8,7.00%,3.9
米族金融,2016/7/4,14.10%,4
法汇贷,2015/9/8,-,3.6
金麦子,2014/7/24,12.00%,3.7
鼎信贷,2012/12/24,11.70%,4
瓯金所,2015/1/18,13.20%,0
兴泰财富,2015/1/28,9.00%,5
一点钱,2015/8/18,9.30%,4.2
异享金融,2015/7/24,14.00%,4.2
国富通,2014/8/4,11.00%,3.5
赚啦理财,2014/11/26,-,4.2
要借钱网,2015/1/5,13.90%,4.3
好利网,2014/9/15,8.80%,4.3
富春贷,2014/8/8,10.00%,4
前海广深发,2015/5/8,13.00%,3.8
菠萝理财,2015/10/15,9.50%,3.8
小存折,2015/5/4,7.50%,4.5
青鱼金融,2016/6/15,9.00%,3.8
龙光金服,2017/5/31,-,4.5
金元宝理财,2013/12/1,11.60%,4.1
爱贷金服,2013/7/15,13.50%,4
点牛金融,2016/1/8,10.30%,4.2
众房宝,2014/5/19,10.70%,4
地标金融,2013/10/18,11.00%,3.3
蜜蜂有钱,2015/7/14,9.00%,3.9
乾方位,2016/3/18,9.80%,1.9
财富观,2014/11/1,12.00%,2.8
鑫脉财富,2015/5/10,21.60%,1.9
车富88,2015/1/15,9.40%,4
浙金网,2014/12/4,8.00%,4.3
贝尔在线,2014/4/15,12.00%,4.1
优车融,2015/5/27,14.40%,4
小平贷,2015/4/25,11.50%,4.2
我要金蛋,2015/7/8,12.00%,0
希望金融,2015/3/18,8.00%,2.7
小白菜理财,2014/11/12,12.00%,3.2
升值宝,2016/1/18,12.60%,3.8
浙江车贷网,2014/1/20,11.30%,4
钱眼金融,2015/1/15,-,3.5
优投金服,2015/5/18,10.50%,3.3
小鹅网,2014/3/7,13.50%,3.6
善行金服,2014/12/3,11.00%,3.3
百达金融,2015/4/29,10.40%,1
芝麻贷,2015/7/13,-,3.7
金发所,2014/3/25,9.10%,3.3
百泉贷,2014/12/8,13.60%,4.1
壹壹金服,2015/1/8,-,4
搜搜金融网,2014/8/8,14.50%,4.4
汇理财,2014/7/14,10.80%,3.5
逖蚶聿,2015/11/8,7.50%,4.5
汇中网,2015/10/15,11.00%,3.6
口袋财行,2015/7/15,-,4.4
新纪元金服,2014/12/28,12.50%,3.6
浦小宝,2015/2/19,-,4.4
洋葱先生,2015/7/21,8.70%,4.4
鸿金宝,2014/11/20,10.00%,3.8
万商贷,2015/9/26,-,3.5
火柴头,2014/12/1,11.50%,3.5
超人贷,2014/2/20,12.70%,4.5
财雨网,2015/3/18,10.50%,3.8
策康即时贷,2015/3/10,12.00%,2.3
万利金融,2014/10/28,16.50%,3.4
京金所,2014/12/9,9.10%,4.1
就爱金融网,2015/9/8,8.40%,4.5
锐盈财富,2015/2/1,10.50%,4.4
医购贷,2014/11/18,9.70%,4.4
华融道理财,2014/6/28,9.70%,3.6
第三方金融,2015/7/9,12.70%,4.3
够力金融,2015/3/31,11.00%,4.4
银承派,2015/4/8,10.50%,4.5
铸金所,2015/12/22,-,3.5
乐金所,2015/4/28,10.50%,4.3
轻易贷,2014/10/25,8.60%,4
通通理财,2016/4/10,10.10%,4.2
蚂蚁理财,2014/11/24,12.00%,3.2
甬e贷,2015/11/2,13.50%,3.6
蓝鲸金融,2015/11/5,8.50%,3.6
信和贷,2013/2/4,14.20%,4
你好贷,2015/4/9,11.00%,4
银象网,2015/12/7,14.00%,4.3
亿富贷,2015/4/18,10.50%,4
贝贝投,2015/2/12,12.30%,3
中正易贷,2015/8/3,-,0
稳贷网,2014/6/3,18.30%,3.8
全球贷,2014/9/1,11.00%,4
森仙堡,2016/3/1,10.00%,3.6
投这家,2015/8/25,-,4.1
富金利,2015/8/31,12.20%,4.7
58财福,2014/4/26,7.40%,3.3
袋鼠妈妈,2015/4/21,8.60%,3.2
脐橙金融,2016/3/11,10.20%,3.7
福鑫e融,2014/12/8,11.00%,3
纳泓金服,2015/11/2,9.80%,3.8
车赚,2016/3/23,13.00%,4.5
升值空间,2016/1/8,10.10%,4.3
阿凡达e贷,2015/5/9,8.00%,3.5
迅泊达,2013/9/9,11.80%,3.8
钱道网,2014/12/25,12.00%,3.8
金梧桐,2014/11/18,10.50%,3
溢诚金融,2015/3/18,8.00%,4.2
粒子财富,2015/4/28,12.50%,4.1
58money,2015/6/8,14.00%,4.3
道口金融网,2014/8/1,10.10%,3.2
量子金融,2015/1/6,15.70%,4
涌泉金服,2015/12/15,-,3.8
快来贷,2016/4/10,-,0
招商贷,2013/6/28,10.20%,3.3
阳光同益,2016/1/1,10.00%,0
予财宝,2014/9/28,9.00%,4.3
土豆金服,2016/5/19,9.00%,4.1
车易贷,2014/5/18,6.60%,3.4
私房投,2015/4/8,12.60%,2.8
优选宝,2014/12/31,8.00%,4.3
美债所,2015/9/10,10.20%,4.2
远尚金融,2015/11/26,8.00%,3.3
四海众投,2015/7/18,10.00%,4.5
民民贷,2012/10/24,14.10%,3.7
左右逢园,2014/10/25,-,3.7
久融金融,2014/4/8,11.80%,3.1
全民通金融,2014/10/26,8.50%,4.4
喜投网,2014/5/8,12.70%,3.1
八条鱼,2014/10/1,-,3.3
山东高速金服,2014/5/12,9.80%,3.3
易享贷,2015/1/13,8.60%,4
全民财富,2015/2/18,7.00%,3.2
一起好,2012/9/28,12.40%,3.6
AI考拉,2015/5/11,-,4
金控网贷,2014/7/7,9.00%,3.6
元鑫贷,2015/3/27,11.00%,4.8
穗金所,2014/6/27,11.00%,3.8
中网国投,2015/5/8,9.00%,4.1
广西东盟贷,2013/7/24,13.80%,4
善贷,2014/12/5,13.80%,3.5
沃联财富,2015/3/25,13.00%,4.2
摇财树,2015/4/10,8.00%,3.2
金筑财富,2016/2/28,9.10%,3.7
念钱安,2015/11/2,13.20%,4.3
房易贷,2015/4/28,-,4
华西金融,2016/6/19,9.10%,3.5
知商金融,2015/6/18,9.90%,3.6
超爱财,2014/4/25,12.00%,4.2
合安易贷,2014/4/16,9.00%,4.6
相融网,2016/3/30,10.00%,4.2
钱途无忧,2014/12/8,11.00%,3.3
黑豆金服,2015/11/28,10.50%,3
利巨人,2014/10/16,12.00%,4.2
宜联易贷,2014/12/15,18.00%,4.3
华丰金融,2016/5/1,12.00%,4.4
金佰汇金融,2015/11/11,10.00%,3.9
中国钱庄,2015/1/1,7.80%,3.7
才米公社,2015/4/8,7.00%,3.2
鼎诚创投,2015/8/10,11.80%,4
小鸡理财,2014/9/4,10.60%,4
陆金服,2012/1/22,8.40%,3.2
网投网,2014/6/25,10.20%,3.8
冀金宝,2014/12/21,10.50%,3.1
胖胖猪,2015/1/11,10.00%,3.3
融裕贷,2015/4/16,10.50%,3.7
润阳贷,2016/8/5,11.30%,3.5
微邦金融,2015/9/19,12.00%,4
有融网,2014/11/19,12.60%,3.8
瑞钱宝,2014/8/1,8.20%,2.8
红金宝,2015/3/24,11.00%,4.5
红岭创投,2009/3/28,12.60%,3.5
众信金融(京),2014/6/19,9.50%,3.3
爱当宝,2015/4/7,-,3.3
吉祥宝金融,2015/12/29,13.00%,4
投资去,2014/12/31,9.30%,4.2
玺欢钱,2015/6/19,11.00%,4.8
惠金贷,2015/10/10,14.40%,4.2
掌中财富,2015/7/28,10.50%,4
紫金所,2014/7/21,11.00%,4.9
迷你贷,2013/11/16,10.50%,3.7
好又贷,2014/4/25,12.20%,3.8
惠众金融,2013/3/20,10.60%,4
前海领投,2014/12/27,10.50%,3.5
中广核富盈,2014/9/3,9.20%,2.8
鱼猫金服,2015/1/28,9.80%,3.9
168金服,2013/12/31,9.70%,3.6
房金所,2014/7/18,8.20%,3.3
蝴蝶银,2015/12/22,7.00%,4
融信网,2013/3/26,10.00%,4.1
九金所,2014/9/3,9.50%,4.1
皮城金融,2015/3/16,9.00%,2.8
乐享宝,2015/12/24,9.40%,4.5
麦子金服财富,2009/6/15,14.00%,3.3
龙城易贷,2013/1/26,15.30%,4.3
钱多多,2013/10/8,9.60%,3.6
中瑞财富,2014/5/12,12.00%,3.4
中融投,2014/12/19,11.00%,4.8
聚优财,2014/5/20,9.00%,4
大唐普惠,2014/11/19,14.50%,3.8
海吉星金融网,2011/3/31,8.60%,3.7
昊良创投,2015/2/12,8.50%,3.8
好借贷,2015/3/31,-,3.8
工程惠贷,2015/10/1,21.00%,2.4
中业兴融,2015/2/2,13.60%,3.8
爱投资,2013/3/31,14.00%,3.9
速贷100,2014/6/8,14.60%,3.9
聚金资本,2014/6/26,13.10%,3.9
晋商贷,2012/8/8,22.90%,3.8
银湖网,2014/7/1,12.40%,3.2
银点财富,2014/11/11,10.00%,3.5
掌存宝,2012/2/14,8.00%,3.3
钱座,2015/8/16,16.80%,1.4
中兴财富,2015/3/18,14.60%,3.6
阳光金服,2013/7/1,13.00%,3.6
众可贷,2014/11/18,12.20%,3.7
广富宝,2013/7/24,12.60%,3.9
链链金融,2017/1/3,7.20%,3.4
安益金融,2015/1/23,10.60%,3.8
联保投资网,2013/8/19,16.00%,3.1
易融恒信,2013/11/11,16.10%,3.6
海融易,2014/6/1,6.80%,2.4
365易贷,2010/2/1,17.80%,3.6
圈圈金服,2012/4/17,8.20%,3.6
小宝金融,2015/7/3,13.00%,4.1
酷融贷,2014/11/28,10.70%,0
今时贷,2014/11/10,17.00%,3.4
融通资产,2014/1/22,9.40%,3.4
金开贷,2014/5/26,7.70%,3.2
三农金服,2015/8/28,-,3.7
钱盒子,2014/10/28,11.60%,4.2
珠宝贷,2014/9/23,11.20%,3.2
连资贷,2014/9/22,8.10%,4.4
微金所,2013/11/15,11.80%,3.5
固金所,2015/5/6,9.60%,4.5
小树时代网贷,2015/3/15,14.90%,3.9
多宝贷,2014/10/16,10.20%,4.1
三信贷,2012/9/3,11.70%,3.8
钱吧,2014/6/18,7.90%,3.2
乐投壹佰,2014/3/21,9.20%,3.9
互贷网,2013/8/12,10.00%,3.6
车e融,2015/8/1,10.00%,4.4
德众金融,2014/6/6,7.80%,4.2
腾邦创投,2014/9/25,10.40%,3.4
宜贷网,2014/1/1,14.80%,3.5
阿朋贷,2014/1/25,11.20%,3.5
米庄理财,2015/4/28,9.10%,4.7
玖融网,2013/7/18,8.60%,3.3
华人金融,2015/1/15,10.50%,3.7
聚宝普惠,2014/7/23,8.50%,4.7
粤商贷,2013/12/19,10.70%,4.4
五爱金融,2016/6/1,10.00%,3.6
金投行,2014/11/27,7.40%,4
快捷财富,2015/6/6,13.00%,3.6
融资易,2014/9/26,11.10%,3.4
口贷网,2011/1/1,14.10%,3.2
互融宝,2014/5/16,8.50%,3.9
广州e贷,2015/1/23,10.40%,4.2
小牛在线,2013/6/18,9.90%,3
汇泉贷,2015/1/13,9.00%,3.5
嘉石榴,2015/6/1,9.00%,3.6
爱贷网,2012/8/28,10.00%,3.5
钜宝盆,2015/5/11,9.00%,2.9
米金社,2016/1/15,-,4
金宝保,2014/6/23,9.00%,3.8
众金在线,2013/7/8,10.10%,2.7
恒信易贷,2013/12/5,11.30%,3.4
短融网,2014/6/27,9.70%,3.6
丁丁金服,2013/7/25,12.60%,4
合拍在线,2012/6/8,10.70%,3.6
惠人贷,2012/8/3,8.50%,3.1
石投金融,2014/5/19,9.50%,4.2
鑫合汇,2013/12/12,9.20%,3.1
洋钱罐,2015/11/9,11.90%,3
付融宝,2013/11/22,10.60%,3.7
凤凰金融,2014/12/2,7.50%,4.6
首E家,2015/7/8,7.00%,3.5
图腾贷,2014/9/10,18.00%,4.2
工场微金,2012/7/1,9.00%,3.8
铜掌柜,2014/10/13,8.00%,3.1
人人聚财,2011/11/1,9.60%,2.7
东方汇,2014/6/24,6.30%,3.5
网利宝,2014/8/21,10.00%,4.3
理想宝,2014/5/23,9.50%,3.6
友金服,2014/10/16,-,3.3
民投金服,2015/1/8,9.40%,4.2
首金网,2015/12/29,8.80%,3.3
小赢网金,2014/8/1,7.90%,4
搜易贷,2014/9/2,8.20%,3.9
格林易贷,2014/10/28,11.20%,3.6
米缸金融,2015/2/1,10.50%,3.6
小油菜,2014/1/20,10.30%,3.4
黄河金融,2014/4/29,8.50%,3.9
金信网,2013/12/31,9.40%,3.1
中融宝,2014/7/1,7.60%,3.7
理财范,2014/3/20,10.30%,4.2
大麦理财,2014/10/12,9.90%,3.9
平方贷,2015/8/13,12.00%,5
e路同心,2015/1/18,9.70%,3.6
今金贷,2015/5/16,12.40%,3.1
小诺理财,2015/11/11,7.90%,3.7
恒易融,2014/11/6,12.30%,3.5
后河财富,2014/2/12,17.00%,4
e微贷,2014/3/20,10.60%,3.9
汇通易贷,2011/5/23,10.40%,3.8
钱香,2015/8/18,9.30%,4.2
元宝365,2014/11/12,15.00%,4.5
融金宝,2014/9/3,12.50%,3.5
融贝网,2014/3/21,9.70%,3.9
宝象金融,2015/4/2,9.60%,3.8
道口贷,2014/12/19,9.10%,2.3
邦帮堂,2014/9/26,7.00%,4.1
融金所,2013/5/15,9.70%,3.1
联连普金,2015/12/18,10.00%,3.9
安心贷,2011/7/1,10.20%,3.6
信融财富,2012/12/27,12.60%,3.2
万盈金融,2015/5/9,14.20%,3.5
口袋理财,2014/12/25,12.00%,3.5
宜聚网,2013/4/16,11.50%,3.7
立业贷,2014/2/10,10.50%,3.8
奇乐融,2015/10/28,6.70%,4.1
鹏金所,2014/12/1,6.80%,3.5
人众金服,2013/4/27,9.70%,3.8
多赢普惠,2014/12/24,9.20%,4
钱盆网,2014/8/6,13.20%,3.3
沪商财富,2014/6/18,12.40%,4.1
抱财网,2014/3/1,9.60%,3.7
开鑫贷,2012/12/28,8.50%,3.9
七彩格子,2014/11/6,9.40%,4
生菜金融,2014/9/9,10.00%,3.1
91旺财,2014/3/19,7.20%,3.6
百金贷,2014/12/26,11.60%,3.9
爱钱进,2014/5/6,10.50%,3.4
新新贷,2012/2/21,11.30%,3.4
博金贷,2014/9/16,8.40%,3.9
新联在线,2013/7/31,12.60%,3.5
达人贷,2013/12/27,14.20%,3.7
果树财富,2014/8/1,11.40%,4
乾贷网,2013/10/21,10.40%,4.1
易通贷,2013/3/15,-,3.9
小猪理财,2015/3/1,15.00%,4.4
信用宝,2013/5/1,12.00%,3.2
宜人贷,2012/7/5,8.00%,3.3
拓道金服,2013/12/9,8.70%,3.6
51人品,2015/5/1,-,3.7
e融所,2015/12/30,9.20%,3.6
今日捷财,2014/8/28,8.60%,3.9
易港金融,2014/11/1,9.00%,3.6
一点通财富,2015/6/5,13.20%,2.9
普汇云通,2015/8/24,11.50%,3.4
惠投无忧,2015/8/8,9.80%,3.6
有利网,2013/2/25,9.10%,3.3
理财农场,2015/3/15,10.80%,3.5
杉易贷,2014/9/29,10.10%,3.8
